group,name,ID,syllable,heading_mean,heading_std,heading_min,heading_max,angular_velocity_mean,angular_velocity_std,angular_velocity_min,angular_velocity_max,velocity_px_s_mean,velocity_px_s_std,velocity_px_s_min,velocity_px_s_max,frequency,duration
control,EPM_trial_1,129,0,-0.256802975,1.594970107,-3.13535396,3.140388049,0.000946797,4.882478378,-314.0758652,314.0838393,40.32266883,29.60919132,0.050141294,453.7483401,0.195798319,0.712360515
control,EPM_trial_1,129,1,-0.174376589,1.518834546,-3.12637331,3.130082167,-0.060531137,7.647601578,-313.4363429,313.0947764,53.34363957,39.37567112,0.266303747,470.9364799,0.147058824,0.576914286
control,EPM_trial_1,129,2,-0.104693291,1.650078696,-3.141361075,3.128177171,0.274929038,12.56780799,-312.5388859,7.128676997,85.46650573,61.1401366,3.472420722,415.21792,0.121008403,0.344583333
control,EPM_trial_1,129,3,-0.57163683,1.771735168,-3.138703254,3.14140045,0.141537388,19.90367461,-314.1420279,314.1331471,58.16751218,47.46988294,0,400.8045988,0.064705882,0.325194805
control,EPM_trial_1,129,4,-0.288694618,1.557577289,-3.131690336,3.131838226,-0.315208417,11.76241877,-312.8992271,313.3412527,71.31459639,47.99021764,2.113288774,358.7258855,0.091596639,0.391559633
control,EPM_trial_1,129,5,-0.335931834,1.588488078,-3.12708748,3.133883211,-0.216977824,17.99075769,-16.60708261,313.7087832,107.6299182,71.17835711,2.474837326,403.8045987,0.072268908,0.21372093
control,EPM_trial_1,129,6,-0.359889297,1.534230006,-3.133857539,3.132514884,-0.16994634,6.818453126,-313.0672005,2.152198684,97.30246435,81.71877653,2.329528634,445.7316046,0.047058824,0.756785714
control,EPM_trial_1,129,7,-0.342109236,1.749657197,-3.133342345,3.104222233,2.763182279,29.97987151,-4.710072966,312.906082,95.45496937,49.06947038,6.975305502,319.6632207,0.022689076,0.16
control,EPM_trial_1,129,8,-0.879914127,1.575289775,-3.136762298,3.109712907,-0.156904481,8.84450726,-312.2838905,4.393887985,192.2165317,118.6900455,0.183904146,530.6910459,0.040336134,0.52625
control,EPM_trial_1,129,9,0.767022192,1.70978655,-3.088984286,2.95099762,0.831812698,12.78105458,-19.34043475,53.12932925,117.8834772,61.57086112,2.848081049,297.3553433,0.011764706,0.048571429
control,EPM_trial_1,129,10,-0.471012624,1.477619366,-3.141523525,3.141292198,-0.39605971,13.9147959,-313.0454538,313.7515678,93.64634824,73.99870111,1.021948889,429.2075432,0.053781513,0.7871875
control,EPM_trial_1,129,11,-0.856143496,1.510842565,-2.878241055,2.055381766,0.17998221,0.788521096,-4.501011821,3.58290027,171.1746599,124.0029094,1.409531912,518.5489823,0.031932773,0.497894737
control,EPM_trial_1,129,12,0.344895907,1.425945013,-3.137318371,3.130039011,0.521870558,12.30034591,-2.355801043,313.5387111,101.1750568,64.97732927,2.272466142,424.3346052,0.033613445,0.6505
control,EPM_trial_1,129,13,0.491930151,1.271022819,-1.916170195,2.787405973,-1.159000737,5.615233628,-19.90895482,8.529925399,136.187723,90.92822844,5.860814521,364.5082876,0.012605042,0.068
control,EPM_trial_1,129,14,-0.424583538,1.563576623,-2.490646917,2.421152973,-1.550921872,3.754076137,-9.718918238,6.807449805,115.920759,72.95079628,3.361834625,453.0985248,0.018487395,0.228181818
control,EPM_trial_1,129,15,0.078363599,1.452608991,-2.720957608,3.04581675,3.593899652,2.51558688,-1.359894289,9.845469273,102.7206576,60.0980282,11.58912079,273.7887321,0.010084034,0.28
control,EPM_trial_1,129,16,0.817277094,2.479511327,-2.9623736,3.132818154,2.992316077,113.6403024,-310.6145333,308.7509328,111.8068611,62.76568734,27.88575309,228.3314288,0.001680672,0.16
control,EPM_trial_1,129,17,-0.814837446,0.920528033,-1.535266734,0.192961721,-2.638477296,7.768584947,-12.06969258,3.080812038,146.2715698,38.39827457,86.18742208,191.5021006,0.001680672,0.05
control,EPM_trial_2,137,0,-1.23264522,1.846084691,-3.138235847,3.138148775,0.036651656,8.93763566,-313.5728143,313.801997,39.36070151,29.98973765,0.823342533,597.2727332,0.13700919,0.750365854
control,EPM_trial_2,137,1,-0.942931442,1.745385167,-3.138852752,3.140566264,0.148232374,8.133858448,-312.2712245,313.6969522,55.10917712,41.10361929,1.470172333,406.4881158,0.141186299,0.528284024
control,EPM_trial_2,137,2,-0.475330809,1.834819586,-3.139321008,3.136624989,0.151193022,13.56260314,-313.4423761,4.248737989,78.76127417,49.23473635,0.483675991,321.3438234,0.112781955,0.395259259
control,EPM_trial_2,137,3,-1.346217005,1.711052906,-3.114011311,3.133987359,-0.092640373,11.88119324,-311.7770485,312.2368221,50.02202508,32.94242476,0,232.7296242,0.091896408,0.259636364
control,EPM_trial_2,137,4,-0.938826476,1.854562283,-3.138730389,3.13644212,-0.259550857,10.2520701,-3.894970555,313.2318898,78.99403749,61.42996954,0.735720909,428.8483935,0.09273183,0.507027027
control,EPM_trial_2,137,5,-0.230578917,1.950023726,-3.141348014,3.13994797,0.781684913,30.87912114,-313.6406549,313.8530719,106.677034,68.52979194,1.301339443,424.0435269,0.070175439,0.391666667
control,EPM_trial_2,137,6,-1.533904134,1.561791234,-3.079817838,1.971841435,-0.006132781,0.470687497,-1.672396599,1.607892767,96.91515078,88.80115578,1.224775429,533.2470726,0.047619048,0.787017544
control,EPM_trial_2,137,7,-0.724046054,1.73275754,-3.116709566,3.094727057,-0.239685171,20.53009658,-311.9374772,311.0142733,104.831425,62.80465886,3.43167658,380.7108328,0.055137845,0.212727273
control,EPM_trial_2,137,8,-0.604733919,1.651510848,-3.113641353,3.137706111,-0.123741724,11.3825729,-312.7297726,310.7393589,200.9124449,140.4947624,0.588356075,667.6296543,0.040935673,0.61877551
control,EPM_trial_2,137,9,-0.422460443,1.996434551,-2.988358453,3.133849417,-10.84636091,60.9758292,-285.5635169,46.18457775,118.0793747,56.37765628,24.68726149,243.602791,0.020885547,0.0352
control,EPM_trial_2,137,10,-0.798960675,1.712089358,-3.129772644,3.119372088,-0.089275384,12.15038869,-312.8745316,312.6708054,94.12126877,76.09811041,2.393951457,653.6330549,0.03091061,0.721081081
control,EPM_trial_2,137,11,-1.103269057,1.58804241,-3.123911726,3.098089077,-0.126899798,9.460954553,-311.8096529,5.727086674,158.3534104,130.3801697,3.834246224,670.8842884,0.034252297,0.535609756
control,EPM_trial_2,137,12,0.304095344,1.905808922,-3.0789471,3.13397067,0.274361123,7.595360791,-5.421293659,312.9815292,100.4407547,71.71600049,1.397864722,432.3019377,0.034252297,0.831707317
control,EPM_trial_2,137,13,-0.330948467,1.814305375,-3.065029592,3.092861136,-3.483035183,39.12891357,-304.7780318,12.83052922,130.5458445,79.95156291,21.27200819,328.1991406,0.014202172,0.072941176
control,EPM_trial_2,137,14,-0.839795318,1.475052209,-2.898107908,2.152894432,-2.305593951,2.759296316,-9.991535163,3.496016533,122.3177166,86.08890471,5.212950269,379.1736088,0.015873016,0.253684211
control,EPM_trial_2,137,15,0.421232493,1.896239782,-3.135661933,3.129426141,-0.907723979,34.24533155,-312.7907986,10.15228701,129.6158141,80.47437521,8.97377582,379.008081,0.01336675,0.315
control,EPM_trial_2,137,16,-0.674928655,1.5286212,-2.761821395,2.874729249,-2.25108138,6.727700006,-22.58176063,22.26961248,105.3294722,83.34948693,6.679787111,325.8469708,0.005847953,0.154285714
control,EPM_trial_2,137,17,0.316268545,1.838126361,-2.638869936,2.943933296,-0.949227938,26.66693862,-104.5782474,54.50418789,208.3194572,310.5220421,27.92378572,1800.586305,0.010860485,0.049230769
control,EPM_trial_3,141,0,0.345228809,1.154854093,-3.069102772,2.951064836,0.011604227,0.235255793,-2.117462182,3.054566042,38.42208551,23.81685532,0.385572479,378.7949873,0.166514181,0.763076923
control,EPM_trial_3,141,1,0.170795681,1.54336548,-3.138406961,3.140879331,-0.110447312,9.782112174,-314.095872,314.1264285,51.9882736,36.60354093,0.684583935,342.9165206,0.13357731,0.565616438
control,EPM_trial_3,141,2,-0.032983108,1.565934189,-3.14126731,3.138842015,0.106703406,16.64015718,-313.5070839,313.7905142,83.74760982,58.61321591,0.931061859,384.8397229,0.128087832,0.405714286
control,EPM_trial_3,141,3,-0.182300621,1.591025127,-3.124377725,3.141027057,-0.29895134,24.15225932,-313.295791,312.9137494,64.02510568,56.19002599,0,484.5561529,0.064043916,0.237142857
control,EPM_trial_3,141,4,0.10977652,1.381887658,-3.134287967,3.138974811,-0.040757072,12.1298566,-4.296864934,313.706843,65.91056989,41.89186311,0.681189934,298.9518505,0.086916743,0.564421053
control,EPM_trial_3,141,5,-0.128952226,1.78013796,-3.136188898,3.140310408,1.063348089,26.15640822,-7.720769794,313.2463068,105.6354091,67.83886489,1.14369889,418.6212369,0.056724611,0.368064516
control,EPM_trial_3,141,6,-0.066432432,1.441912825,-3.135815415,3.122248186,0.060521076,6.700270218,-3.731283621,313.3123429,87.29436524,72.10441609,1.185862756,507.1577395,0.04757548,0.846153846
control,EPM_trial_3,141,7,0.414475212,1.577845031,-3.135466302,3.136636675,1.163528706,25.74962515,-313.3500211,312.4124969,96.59956481,56.68385099,1.248886006,308.1485769,0.041171089,0.262666667
control,EPM_trial_3,141,8,-0.376233488,1.900505304,-3.131170852,3.113663995,0.226814617,9.970173375,-2.960648194,312.8676339,239.606472,190.7724281,1.060434076,823.6642184,0.02378774,0.766923077
control,EPM_trial_3,141,9,-0.1726851,1.218432541,-2.517040827,2.681413363,1.058469507,40.65452872,-178.7651019,249.7764302,118.0277691,60.17031555,15.95552993,287.2678,0.030192132,0.044848485
control,EPM_trial_3,141,10,-0.543048621,1.70364541,-3.136505645,3.129573387,-0.279149028,13.35721387,-313.3451484,313.0825823,96.34604332,77.50293103,0.518501617,507.2507019,0.069533394,0.722631579
control,EPM_trial_3,141,11,-0.71668391,1.645729933,-3.118440461,3.131093907,-0.530633207,15.31574882,-309.9111483,6.345881599,247.6308715,175.9019646,6.233735843,801.8134679,0.031107045,0.483529412
control,EPM_trial_3,141,12,-0.039780455,1.774573092,-3.141524789,3.139004853,-0.258361314,15.75074338,-313.5823359,312.8179711,97.93443189,69.17205732,3.411622145,449.5435375,0.030192132,0.716969697
control,EPM_trial_3,141,13,-0.018635306,1.514218418,-3.011396091,2.841347002,-2.737794714,7.980247414,-39.04575876,5.750359609,141.8581283,79.27277788,21.67604672,329.6958568,0.014638609,0.07625
control,EPM_trial_3,141,14,-0.076595562,1.834314413,-2.438852135,3.126945801,-1.009219667,18.87813591,-8.16688866,309.7095029,150.043234,91.48350499,2.567069107,542.3788368,0.018298262,0.279
control,EPM_trial_3,141,15,-0.573209327,1.843346201,-3.121421917,3.062602328,1.276227339,25.65576739,-309.9014246,9.553325994,159.9307523,113.2128627,3.745706083,590.9076069,0.009149131,0.3
control,EPM_trial_3,141,16,0.063040584,1.379358438,-2.100620504,2.666216705,0.050501793,5.30044562,-20.95360648,16.27119772,103.2794857,57.24682944,2.663731042,242.6057812,0.01189387,0.146153846
control,EPM_trial_3,141,17,-0.6655664,1.37851159,-2.31462922,0.859490673,-11.37659621,45.23009098,-183.8125989,8.033207868,126.3373873,58.53343736,55.07125342,234.0102419,0.002744739,0.113333333
control,EPM_trial_4,98,0,-1.014719956,1.988759005,-3.140259296,3.141327665,0.074640245,7.709027933,-313.8323563,313.9874721,38.55287669,25.69438946,0.140069441,523.8590527,0.155769231,0.819753086
control,EPM_trial_4,98,1,-0.66780539,1.991621211,-3.141053916,3.139620899,-0.143025627,17.45787127,-313.9487809,313.9626587,51.97404161,46.86118896,0.699327101,618.4014954,0.118269231,0.630081301
control,EPM_trial_4,98,2,-0.403314453,1.769739787,-3.120297284,3.131381422,0.279284685,10.97984951,-313.466914,7.525064693,80.51350568,57.29811216,1.677723782,399.2341822,0.108653846,0.288849558
control,EPM_trial_4,98,3,0.074540801,1.928275631,-3.135887097,3.128374358,0.361498187,21.14974103,-311.8004419,312.4963578,52.38409534,36.07295542,0,520.1716142,0.1125,0.219316239
control,EPM_trial_4,98,4,-0.499158604,2.111315616,-3.137717747,3.139766513,0.596964913,18.64240398,-5.009007897,313.293747,67.61269367,55.07073386,2.481382347,576.1656789,0.080769231,0.537619048
control,EPM_trial_4,98,5,-0.139016131,1.599080831,-3.135889265,3.138893681,-0.120593315,21.8970148,-313.1817557,313.2805312,103.2131766,63.42991443,2.371177054,335.536341,0.067307692,0.293714286
control,EPM_trial_4,98,6,-0.799736065,1.785437073,-3.134066579,3.138965514,-0.224085365,16.86463237,-313.4407692,313.6642283,82.98936873,66.24619464,1.960746766,373.6407075,0.033653846,0.592571429
control,EPM_trial_4,98,7,-0.056015062,1.779146103,-3.131465804,3.126051179,0.748158255,25.5197984,-308.195094,312.42495,86.12003513,52.81366929,2.601532381,288.8861015,0.043269231,0.270222222
control,EPM_trial_4,98,8,-0.339443297,1.797758687,-3.126326016,3.13155188,-0.81854543,17.23525884,-312.4168049,4.228410853,273.3980005,204.2398299,12.47166616,859.1365135,0.020192308,0.627619048
control,EPM_trial_4,98,9,-0.201315498,1.864291915,-3.131465804,3.126005905,-0.491753663,56.98448053,-311.6694923,308.5338652,95.09838773,57.02224122,2.743770775,254.6609505,0.040384615,0.050952381
control,EPM_trial_4,98,10,-0.235931277,2.019567419,-3.139794261,3.137346212,-0.323033525,24.36042721,-313.8786557,313.6875035,76.80554521,49.4397243,1.290660228,432.5076657,0.028846154,0.663333333
control,EPM_trial_4,98,11,-0.894328675,1.722588082,-3.131445341,3.116317353,-1.104314786,21.99719232,-312.6352189,9.362141137,215.2866908,144.5122126,1.815995763,705.6192263,0.025961538,0.445925926
control,EPM_trial_4,98,12,-0.279267043,1.744477963,-3.105425123,3.139004471,-0.268734808,10.08076796,-312.5685937,3.758504842,89.8758631,49.94039873,0.543709255,286.5859493,0.025961538,0.714814815
control,EPM_trial_4,98,13,0.114819666,1.851303981,-3.051816577,3.125753217,-4.68667409,52.17130402,-311.6566581,309.3802557,124.1061921,72.57116698,9.187943207,359.0905866,0.032692308,0.094117647
control,EPM_trial_4,98,14,-0.054327364,1.851097639,-3.137339788,3.138957199,-1.72536354,17.37427906,-312.6757164,7.489222487,126.6858658,137.5472781,5.396367751,835.7909588,0.025961538,0.243703704
control,EPM_trial_4,98,15,0.746977737,1.846023336,-3.134065708,3.13520055,1.767462622,22.7848096,-310.368738,79.24422795,110.0313786,54.07372915,9.431646095,293.5129479,0.017307692,0.23
control,EPM_trial_4,98,16,0.44246191,1.568804948,-3.061096383,3.109395295,3.656437895,31.36057194,-24.88255328,311.0036144,88.74796842,53.02900204,2.734319236,262.990228,0.016346154,0.192941176
control,EPM_trial_4,98,17,0.961338588,0.412557424,0.512633595,1.357692758,-7.66622182,8.101060905,-20.54369551,-0.928584132,131.7407156,44.98265586,67.25534678,182.6268068,0.001923077,0.08
control,EPM_trial_5,102,0,-0.070699534,1.624332245,-3.13931109,3.138851076,0.135936629,8.231491666,-314.0526754,314.0504783,40.0006313,28.50463527,0.713697557,633.7953164,0.129612961,0.80875
control,EPM_trial_5,102,1,-0.261526212,1.698185387,-3.139511428,3.139685624,0.132238112,8.510879043,-313.4805649,314.0801395,49.47418513,35.12293834,0.460337154,469.7301068,0.143114311,0.685660377
control,EPM_trial_5,102,2,0.023628807,1.549939819,-3.137370387,3.138837947,0.383748729,8.459720071,-313.490356,6.910188177,80.45712075,55.93604805,2.885544485,568.4225077,0.117011701,0.426307692
control,EPM_trial_5,102,3,0.444837429,1.761958352,-3.109598386,3.129626383,-0.174394972,12.03080832,-302.6754981,312.9409184,60.08659397,71.10228172,0,1150.636078,0.091809181,0.26254902
control,EPM_trial_5,102,4,-0.689516737,1.884808753,-3.138700454,3.141212318,0.001723136,13.97927365,-313.6738341,313.5893691,72.67327372,78.32167259,0.383550823,734.2639631,0.072907291,0.621728395
control,EPM_trial_5,102,5,-0.21183451,1.758711567,-3.139196643,3.135462833,0.357283814,24.53539449,-313.7375361,313.5933552,105.1666705,89.80642122,0.782520032,871.3164084,0.077407741,0.34
control,EPM_trial_5,102,6,-0.127536337,1.423958711,-3.058498922,2.97503495,0.035898656,0.543684337,-1.775148011,3.482770699,106.47754,113.3060212,3.011135757,818.649723,0.04230423,0.606382979
control,EPM_trial_5,102,7,-0.372527499,1.806666545,-3.137657611,3.122291832,0.571391648,25.69333304,-313.3743536,311.3846304,119.1813132,123.0170043,6.162873445,1031.99637,0.050405041,0.158928571
control,EPM_trial_5,102,8,-0.586519265,1.768172452,-3.135297015,3.141009304,-0.710652539,17.7322618,-312.669188,4.619230337,233.0291475,187.2162567,1.428403907,1001.801487,0.03960396,0.564090909
control,EPM_trial_5,102,9,0.704559044,1.774830397,-2.719317083,3.026956787,-7.516359765,78.24618819,-306.7685306,290.4547601,160.6400652,185.7486974,4.244008281,872.0778883,0.02070207,0.039130435
control,EPM_trial_5,102,10,-0.439975903,1.632685845,-3.135016944,3.141275528,-0.07973806,12.58566737,-312.7691425,313.6446378,101.4316699,91.49401491,0.618774807,712.7035035,0.04860486,0.921111111
control,EPM_trial_5,102,11,-0.631824821,1.572038942,-2.958979133,1.305978747,0.135807776,0.973463711,-3.544136623,8.005867571,232.6385808,198.1156893,2.845801662,939.5238192,0.02970297,0.587272727
control,EPM_trial_5,102,12,-0.345128927,1.405148303,-3.07447738,2.792401185,-0.078917031,0.693429072,-7.998238273,1.958522402,95.20756588,86.53098274,5.389415584,898.3272767,0.01980198,0.809090909
control,EPM_trial_5,102,13,0.198849324,1.679551621,-2.915616736,2.847883092,1.875623896,13.29791079,-15.46738331,97.15458628,114.342943,65.60045895,7.590651556,314.8680001,0.01890189,0.072380952
control,EPM_trial_5,102,14,0.270696683,1.521481344,-2.306380969,2.272193706,-1.602229776,2.729082739,-10.68613094,6.052823742,116.4709087,71.04001054,3.63161691,385.7028133,0.01980198,0.300909091
control,EPM_trial_5,102,15,-0.459643662,1.993568775,-3.137572283,3.1360945,-2.166503026,40.80599403,-312.4523002,10.80457541,171.4626601,119.0939724,6.441166115,610.3938073,0.02070207,0.406956522
control,EPM_trial_5,102,16,0.549744813,1.114618564,-1.516429869,2.215184634,-0.960355487,9.631967686,-42.610608,17.95502734,105.2829782,61.39440844,11.13689238,241.4555282,0.00630063,0.182857143
control,EPM_trial_5,102,17,1.108761362,0.506003288,0.76703739,2.674439772,-2.550812807,4.386671391,-10.59208837,4.711381026,91.80077275,45.21254256,32.61076693,209.2352022,0.00540054,0.053333333
control,EPM_trial_6,112,0,0.189313428,1.802502465,-3.140808827,3.141096226,-0.010302423,6.250245331,-312.8731485,314.0344436,40.05501263,32.1040702,0.234822003,492.2952918,0.132718894,0.699722222
control,EPM_trial_6,112,1,-0.001876046,1.708543451,-3.141479209,3.139815273,0.101995105,13.99610871,-314.0695598,313.8105745,52.75985164,38.20707412,0.493032884,338.1708175,0.148387097,0.686459627
control,EPM_trial_6,112,2,-0.051413889,1.784166323,-3.135396646,3.138571593,0.404286113,14.2945802,-314.0101382,313.4984854,80.28075946,64.50493571,0.954334238,796.0861889,0.129953917,0.41248227
control,EPM_trial_6,112,3,0.360127915,1.779227101,-3.124341401,3.135419051,-0.140998031,12.20889287,-313.30689,310.9187255,55.07346106,45.30904471,1.161458466,702.8803798,0.082949309,0.297111111
control,EPM_trial_6,112,4,0.196969552,1.885357192,-3.141473491,3.141423288,0.195390694,16.67750784,-312.7236125,313.58457,66.16698669,45.15519702,0.863357389,303.1235421,0.071889401,0.724102564
control,EPM_trial_6,112,5,-0.24977871,1.944758613,-3.140045501,3.139799852,-0.120643713,25.92366848,-313.3000577,313.4379103,96.21340891,65.99527678,2.845145958,470.3446986,0.067281106,0.36
control,EPM_trial_6,112,6,-0.38196643,1.673804789,-3.139849906,3.138652435,-0.201245185,8.285519321,-313.6787097,2.744033994,106.9208465,99.88935817,1.638880221,740.7210464,0.058064516,0.912063492
control,EPM_trial_6,112,7,0.273290502,1.848598497,-3.113749182,3.123365323,-0.639133372,30.43697975,-309.0930921,310.962301,101.3275923,70.80659812,0,507.6580255,0.033179724,0.175
control,EPM_trial_6,112,8,-0.775586171,1.895431179,-3.141415191,3.133482566,-0.528669195,20.04163389,-313.5282179,312.0851121,217.8114464,174.843349,2.147928313,1094.4369,0.048847926,0.64
control,EPM_trial_6,112,9,1.209122291,1.315166388,-2.149654326,3.08987873,7.109256703,41.7263027,-6.863678912,286.4048705,90.50184294,56.9059243,18.62979735,264.1870737,0.023963134,0.036923077
control,EPM_trial_6,112,10,-0.987324081,1.64009352,-3.139881777,3.12712908,-0.343061303,9.636666818,-313.5566813,7.274344729,100.3540801,75.05072883,2.375391094,511.9227096,0.044239631,0.87875
control,EPM_trial_6,112,11,-0.51429807,1.651406827,-3.141521518,3.050264445,-1.027174975,20.80409741,-311.4445962,9.470998042,171.024719,143.9754237,1.89024989,1040.183983,0.033179724,0.495
control,EPM_trial_6,112,12,0.728382939,1.85813102,-3.141545074,3.139167215,-0.022562231,13.4932873,-313.1262317,313.5686993,97.41940488,76.38675066,1.275835271,486.1057305,0.028571429,0.698064516
control,EPM_trial_6,112,13,1.346281095,1.687083581,-3.138737826,3.09515015,0.672405381,11.61651478,-17.4525673,68.04847013,105.8968353,51.74704223,24.57976105,236.868856,0.020276498,0.068181818
control,EPM_trial_6,112,14,0.445624769,1.660001359,-3.01566119,3.127857317,0.062378751,27.2715082,-8.988070375,310.1724666,168.6741716,158.270861,9.35683116,885.9355994,0.014746544,0.16625
control,EPM_trial_6,112,15,-0.336191793,1.836662807,-3.130421915,3.097490196,1.224614335,25.17401728,-310.7906061,8.547673672,109.0627235,53.77254515,9.071752326,261.0130729,0.016589862,0.345555556
control,EPM_trial_6,112,16,1.065805053,1.234790748,-1.357651826,3.094026202,-0.376907144,4.858935732,-11.15756868,22.57337972,84.14880859,60.93982944,1.520788996,243.9292066,0.006451613,0.145714286
control,EPM_trial_6,112,17,1.003548861,0.542260464,0.583895303,2.272269596,-2.085699534,7.675828604,-14.63107277,9.812138056,76.86997875,59.26582797,20.4835348,241.2971354,0.003686636,0.09
control,EPM_trial_7,120,0,-1.229777303,1.846149888,-3.137934389,3.13635413,-0.098722658,8.19353513,-314.0044925,314.0016943,40.35524016,36.79341898,0.289174418,634.961789,0.143651529,0.757548387
control,EPM_trial_7,120,1,-0.373074911,1.790683859,-3.141515405,3.134441566,0.122330362,8.363466492,-313.9413356,313.5783811,51.74606128,40.14452423,0,452.6991649,0.153846154,0.508795181
control,EPM_trial_7,120,2,-0.204264459,1.889370759,-3.136744685,3.141498614,0.322681744,11.71981418,-313.0888587,7.597409969,85.00077671,63.13850972,2.538120776,449.9422303,0.107506951,0.371034483
control,EPM_trial_7,120,3,-0.38275427,1.901585669,-3.131860103,2.850250491,-0.140420151,0.848152302,-6.306730559,4.608383996,48.19109841,31.33918341,2.004887575,300.7468977,0.0639481,0.347826087
control,EPM_trial_7,120,4,-1.105175954,1.863298497,-3.140235182,3.133207177,-0.035875622,14.44190378,-313.0720533,313.4505791,72.55594371,56.94874172,1.838106964,579.291365,0.09823911,0.709245283
control,EPM_trial_7,120,5,-0.195483657,1.906516772,-3.140518936,3.139124742,1.024917476,26.81409078,-8.309993969,313.5761301,107.2601492,72.38666647,3.853975208,473.1259334,0.070435589,0.286578947
control,EPM_trial_7,120,6,-1.322037606,1.693993697,-3.1375727,3.14050821,-0.26354337,8.210571641,-313.5479834,3.029698382,107.776228,127.8771728,0.75695169,797.7052775,0.048192771,0.563076923
control,EPM_trial_7,120,7,-0.317069433,1.85738013,-3.121641296,3.118691672,1.011695087,35.99905816,-313.50843,313.7112413,99.2053281,60.18829125,4.611379431,340.8425434,0.037071362,0.2585
control,EPM_trial_7,120,8,-0.661522893,1.787070641,-3.118817429,3.138818979,-0.155717181,10.46489345,-313.2910308,313.0649325,205.5943913,158.6958761,3.585570683,773.3452191,0.063021316,0.535294118
control,EPM_trial_7,120,9,0.220543123,2.236079391,-3.043954673,2.887859575,1.630141686,8.106855461,-10.93017201,12.74765821,159.9420049,84.8311884,48.23347259,329.4870834,0.00463392,0.064
control,EPM_trial_7,120,10,-0.614492315,1.801193942,-3.08415207,3.134112388,-0.036855856,0.832576174,-6.366442144,4.656072978,81.46344627,70.07566523,2.235626931,541.1206366,0.032437442,0.894285714
control,EPM_trial_7,120,11,-0.931667666,1.620569333,-2.960750883,2.934563876,0.197169294,1.060694048,-2.460972062,11.47700963,227.1950217,180.9808965,2.488262107,822.2005439,0.032437442,0.477142857
control,EPM_trial_7,120,12,0.017325626,1.963961653,-2.766363942,2.666473597,0.1013826,0.526157447,-1.9165989,1.513867474,110.5541783,74.89904282,5.384329787,482.4709115,0.019462465,0.732380952
control,EPM_trial_7,120,13,-0.261520181,1.454048175,-2.699106608,3.096611811,1.179639621,5.217449892,-6.14028418,12.29043922,159.7988059,76.48489819,11.91609653,373.1046476,0.017608897,0.072631579
control,EPM_trial_7,120,14,-0.223875876,1.650024839,-3.066287563,3.11942571,-0.672645625,18.94957812,-8.229912732,311.2272814,149.0268843,115.1747947,7.775898829,601.1778294,0.021316033,0.244347826
control,EPM_trial_7,120,15,0.160818407,2.068399618,-3.135474914,3.134810719,-4.121607916,48.50391404,-311.4055114,11.84378214,117.933088,71.91829083,7.306134762,367.7844942,0.011121409,0.411666667
control,EPM_trial_7,120,16,0.255627403,2.07210795,-2.873714529,2.817616245,-35.04163313,102.9060828,-305.7429331,11.20614492,108.3289111,60.02576775,19.92237821,203.8637592,0.002780352,0.106666667
control,EPM_trial_7,120,17,0.2376873,1.146517524,-2.988756683,0.855655375,6.144177209,45.37621855,-97.72549962,85.25689326,251.0206663,176.8411044,31.93510681,485.1813106,0.003707136,0.05
control,EPM_trial_8,124,0,-1.185013838,2.173265931,-3.140760095,3.140395434,0.164871783,9.485292702,-314.0309111,314.0025653,39.42619745,24.07585808,0.402277997,260.0305162,0.126833477,0.744897959
control,EPM_trial_8,124,1,-0.888393833,1.888220851,-3.140422415,3.139306857,-0.141951548,7.676844994,-313.7015086,5.205077221,58.06254965,58.24944305,0.939557868,747.6269485,0.122519413,0.47084507
control,EPM_trial_8,124,2,-0.662704952,1.838200717,-3.129738888,3.138686923,0.26792156,13.80651468,-313.5283994,7.919525369,100.291254,79.71450301,0.587894575,550.6921026,0.120793788,0.369142857
control,EPM_trial_8,124,3,-0.09330037,1.846478964,-3.138987427,3.137988746,0.187045663,8.215157682,-23.34546312,313.8988032,52.0864343,39.92264554,0,714.8416651,0.088869715,0.301747573
control,EPM_trial_8,124,4,-1.089018448,1.990070893,-3.140760156,3.141012438,0.260719742,17.46103877,-313.7277274,314.0550081,72.9696724,61.15313169,1.087420871,706.4110692,0.075927524,0.587727273
control,EPM_trial_8,124,5,-0.546137852,2.12013851,-3.141500574,3.141056089,0.720152093,31.56340662,-313.6830639,313.4124637,113.6680561,90.35485462,2.60789576,582.1703769,0.061259707,0.358873239
control,EPM_trial_8,124,6,-0.92380839,1.701289142,-3.13347798,3.129084603,-0.178864735,7.647862587,-313.1341333,2.963661532,104.6974835,109.1288645,1.444044677,695.0575772,0.043140638,0.676
control,EPM_trial_8,124,7,-0.094986408,1.837425134,-3.135472422,3.126670691,0.899082488,26.23537688,-311.4761456,311.1030979,112.0795045,66.68372173,1.207250359,468.0976494,0.045729077,0.211698113
control,EPM_trial_8,124,8,-0.700139266,1.867598913,-3.137034519,3.136840908,-0.568072381,17.1273418,-312.9480382,312.8727923,252.5034546,194.270982,2.192090431,1013.461103,0.062985332,0.638630137
control,EPM_trial_8,124,9,-0.023304422,1.490940264,-1.820609926,3.059798334,-0.026147953,34.39703154,-152.2697197,253.8016225,105.432095,94.24321511,6.951736952,522.251391,0.029335634,0.055294118
control,EPM_trial_8,124,10,-0.671609456,1.772727143,-3.133063527,3.137604949,-0.678289598,11.45657187,-311.9458989,6.640879499,98.97130686,75.2340451,3.259217318,595.2817403,0.03106126,0.823333333
control,EPM_trial_8,124,11,-1.036115769,1.75760987,-3.126352088,3.141404484,0.041993224,9.620178247,-313.290496,8.509129714,233.5209815,183.1076485,3.551015464,804.6996519,0.037963762,0.487727273
control,EPM_trial_8,124,12,0.385553692,1.673140823,-3.034990328,3.002817864,0.056405843,0.470872267,-1.8251632,1.669317113,91.61738816,64.4241867,1.060767185,428.5399154,0.028472821,0.814545455
control,EPM_trial_8,124,13,0.388646633,1.755908475,-3.126549599,3.115361193,-4.148921505,33.02919297,-311.2726092,11.87035152,106.9354074,59.77086621,11.12496532,336.1529585,0.01553063,0.104444444
control,EPM_trial_8,124,14,-0.251697197,1.857123481,-3.091982214,3.095215334,-0.726960762,24.13225261,-12.76292972,312.3004066,187.693748,145.9036257,8.749583354,682.8329934,0.021570319,0.2752
control,EPM_trial_8,124,15,0.234185248,1.938681183,-3.091652604,3.13429872,-1.548934876,39.68313039,-310.8125695,12.05762069,183.4725769,157.7634717,2.891759512,746.2975917,0.016393443,0.387368421
control,EPM_trial_8,124,16,0.644982044,1.756031895,-1.643018487,2.978823147,0.517473446,5.851687807,-35.52857787,24.58374711,112.3148393,92.68372148,8.389171836,444.338373,0.008628128,0.182
control,EPM_trial_8,124,17,0.533071192,1.255623282,-2.209024649,2.871594011,2.375929425,61.69161702,-280.8063851,212.1885456,171.7049852,111.4707679,33.5883254,436.5851174,0.010353753,0.058333333
control,EPM_trial_9,128,0,0.063296307,1.951589231,-3.134803753,2.953649487,-0.006334038,0.214749148,-1.844937302,2.103577578,39.33250551,28.97884279,0.32580894,525.4893356,0.142723005,0.825657895
control,EPM_trial_9,128,1,0.568291016,1.300923576,-3.124389758,3.136538874,-0.034391611,5.275741297,-313.7550871,5.260453904,50.13630388,39.43643695,0.584428309,515.4418481,0.122065728,0.547692308
control,EPM_trial_9,128,2,0.442382982,1.730412086,-3.141341922,3.141340007,-0.206027377,16.15979829,-314.0234989,5.941806913,83.35184745,62.89365179,1.589034008,605.5413168,0.136150235,0.467586207
control,EPM_trial_9,128,3,0.173356528,1.364418998,-3.108088632,3.118407882,0.340193686,8.055784585,-25.67639522,310.7456637,51.05710827,32.98020183,1.166830059,319.8772175,0.087323944,0.344086022
control,EPM_trial_9,128,4,-0.135481296,1.496618177,-3.135335091,2.891298417,-0.548668826,0.641467541,-3.179925933,2.224972999,74.03690314,52.47114091,0.475328932,432.0526373,0.063849765,0.445882353
control,EPM_trial_9,128,5,-0.162389868,1.739766119,-3.139217734,3.137060762,-0.458079814,14.74667688,-7.574743465,313.2113536,102.0565801,60.7111264,7.51404621,382.6900327,0.061971831,0.276363636
control,EPM_trial_9,128,6,0.304853493,1.35046422,-2.9828136,2.566661849,-0.026099055,0.758092039,-7.281666235,10.97817284,74.35783072,62.76832846,0.280863048,478.9395456,0.046948357,0.7564
control,EPM_trial_9,128,7,0.738045374,1.275288988,-3.139217514,3.128470981,0.194212132,10.33386201,-15.04302846,314.0960016,91.59730614,60.01491161,2.951119062,423.4849761,0.062910798,0.284477612
control,EPM_trial_9,128,8,0.025043107,1.700116245,-3.129144563,3.12136335,1.192179578,19.37173648,-3.40398646,313.5319396,215.6712139,175.8225952,5.348438087,966.4196178,0.029107981,0.673548387
control,EPM_trial_9,128,9,0.011159128,1.78309261,-2.452729905,3.118397158,-1.884874779,17.53257738,-126.6686374,29.53170429,103.9943176,64.03563912,15.20505074,297.1344761,0.023474178,0.06
control,EPM_trial_9,128,10,-0.267812744,1.549733561,-3.14071187,3.140330151,-0.076252529,13.22068644,-313.6981896,313.7880167,107.5032954,91.49144477,0.308646935,583.5279152,0.055399061,0.950169492
control,EPM_trial_9,128,11,-0.353434481,1.594095044,-3.134153018,3.140335288,-0.32908898,14.03546344,-311.9492174,10.61036313,204.1407668,168.6722582,1.654884304,916.1760464,0.036619718,0.764102564
control,EPM_trial_9,128,12,0.283847434,1.546080201,-3.027252056,2.477619902,0.148643646,0.675890277,-1.891017246,2.017771665,135.1411506,107.7982216,6.014967588,673.035444,0.023474178,0.5488
control,EPM_trial_9,128,13,0.95878907,1.673354265,-2.874659667,3.022171424,6.031661896,40.33338605,-8.785982695,307.9087002,114.8461897,75.37828172,15.12868081,389.3700066,0.011267606,0.1
control,EPM_trial_9,128,14,0.045388049,1.688641813,-2.619617044,2.934663201,-2.664675538,2.587617547,-7.074787957,6.543948964,211.745671,153.2917679,3.513778884,642.2793655,0.012206573,0.238461538
control,EPM_trial_9,128,15,-0.032130234,1.483121357,-3.109642222,3.00487498,2.002544873,19.59702493,-311.8802995,7.632560173,106.8982887,70.03191588,2.935217652,373.4918206,0.01314554,0.372857143
control,EPM_trial_9,128,16,1.126915575,0.961046828,-2.891279768,2.114325985,-1.303958361,5.315959097,-25.1171633,2.197818192,97.8002521,65.43079129,0,298.2732168,0.003755869,0.13
control,EPM_trial_9,128,17,0.939109437,0.040408806,0.880801491,0.991400637,12.99213178,19.46311868,-1.509006386,46.69155007,142.9707916,81.07990763,9.749236178,231.469385,0.002816901,0.04
post_w1,EPM_trial_1,129,0,-1.483872921,1.705185999,-3.140503728,3.141085058,0.036222712,10.32750754,-314.1207316,314.1276455,38.72787905,23.04318022,0.20801185,358.6995801,0.200381679,0.792380952
post_w1,EPM_trial_1,129,1,-0.978461244,1.741877516,-3.140323126,3.139587543,-0.029283415,7.630787951,-313.649102,313.6801278,56.41517381,43.79998204,0,429.7084336,0.14980916,0.648025478
post_w1,EPM_trial_1,129,2,-0.733072222,1.750889818,-3.127341044,3.138990275,0.121637827,13.14204774,-312.1876738,5.614598282,79.74761535,55.45792327,2.674943178,343.3412808,0.134541985,0.321560284
post_w1,EPM_trial_1,129,3,-0.984435777,1.729493316,-3.13352042,3.108275103,0.204627322,9.454501285,-12.35757804,311.7473406,48.62646292,32.6761924,2.084705619,350.3015235,0.048664122,0.430196078
post_w1,EPM_trial_1,129,4,-0.984661087,2.027741356,-3.140955014,3.141085089,0.438954391,19.1830924,-313.8510345,314.0073006,70.62587282,51.84100896,1.142448394,343.9549452,0.09351145,0.435918367
post_w1,EPM_trial_1,129,5,-0.335235718,1.993340098,-3.141435253,3.140617928,1.146923429,29.71820058,-8.848133016,313.536426,106.0140481,63.16475563,3.858622008,366.2922049,0.067748092,0.281690141
post_w1,EPM_trial_1,129,6,-1.135985579,1.717613328,-3.140878369,3.14099667,-0.360463387,9.903870674,-314.0066879,2.474134381,81.0076013,69.58138106,1.137226111,481.0611656,0.076335878,0.74925
post_w1,EPM_trial_1,129,7,-0.674864157,2.348911444,-3.084467216,3.136759189,-6.011460182,43.20582816,-311.1142058,6.209308779,101.5691044,51.57893166,8.826191205,222.3401485,0.01240458,0.156923077
post_w1,EPM_trial_1,129,8,-0.834223726,1.693114336,-3.134912804,3.139813619,-0.487084422,12.3515657,-312.9783754,8.014072566,201.8701389,127.0937987,3.670031105,595.940818,0.047709924,0.7704
post_w1,EPM_trial_1,129,9,-0.436133853,1.360419227,-1.932274152,2.600173735,-3.681860193,10.11042307,-21.42303685,19.75343158,137.4155508,66.27596637,32.78821484,283.0579884,0.006679389,0.074285714
post_w1,EPM_trial_1,129,10,-1.212528842,1.543231118,-3.136018946,3.13796745,-0.082840831,11.64728965,-313.5496038,313.1756316,76.24946996,52.37752088,2.266216494,378.1771612,0.040076336,0.692380952
post_w1,EPM_trial_1,129,11,-1.325830658,1.509522823,-3.124537958,3.104332446,0.115868456,0.817522688,-3.212044519,3.643818137,154.1668471,104.4436308,11.50415888,615.2669286,0.028625954,0.402
post_w1,EPM_trial_1,129,12,0.299005153,1.810381533,-3.106008847,3.133694106,0.28430457,9.284542031,-3.31064407,312.6760242,106.8154138,74.27906741,0.77811623,423.2492519,0.026717557,0.813571429
post_w1,EPM_trial_1,129,13,-1.192282584,2.49556355,-3.136903268,3.113976531,31.06777072,103.4217783,-6.086307556,306.8173554,109.2457746,67.66777176,36.28744059,237.5572681,0.003816794,0.045
post_w1,EPM_trial_1,129,14,-0.451256211,1.625007226,-2.893627193,2.991899292,-2.028759257,4.040595845,-10.53988611,7.827520884,96.87975363,68.79513217,6.972402054,402.142444,0.021946565,0.222608696
post_w1,EPM_trial_1,129,15,0.819837284,1.404093728,-2.940433847,2.897514166,2.624980213,1.921500934,-0.789279983,7.626867565,140.7070949,84.4577445,10.47817356,399.9608807,0.008587786,0.34
post_w1,EPM_trial_1,129,16,-0.842538179,0.563694708,-1.392491379,0.177992224,3.87173418,0.9026262,2.486951776,5.751176507,140.1632302,31.98639025,94.78240666,196.9596408,0.001908397,0.11
post_w1,EPM_trial_2,137,0,-1.037382819,1.932663935,-3.139430409,3.141437321,-0.004112497,10.16312629,-314.0935891,314.0495239,39.81288219,27.72145111,0.78257882,458.5100527,0.114261885,0.836350365
post_w1,EPM_trial_2,137,1,-0.921351875,1.724107054,-3.128670545,3.121984132,0.120097939,5.023240091,-4.4245512,313.7381707,47.902359,31.51178064,0.238786748,361.8122614,0.115095913,0.56884058
post_w1,EPM_trial_2,137,2,-0.223228811,1.662689177,-3.136208566,3.131136268,0.318617574,9.451181254,-312.5135848,4.022159621,74.41982364,51.56768355,2.08235879,468.3854304,0.093411176,0.393214286
post_w1,EPM_trial_2,137,3,-0.506260153,1.764934501,-3.121819586,3.140463335,-0.56411077,10.93720646,-313.1844773,13.81639827,66.34172897,66.84280253,0,735.4025796,0.122602168,0.213333333
post_w1,EPM_trial_2,137,4,-1.059806938,1.852268101,-3.140917274,3.140624596,0.004322074,13.32880321,-313.1209799,313.8442692,74.66381555,64.92590517,0.349054022,629.361014,0.078398666,0.707659574
post_w1,EPM_trial_2,137,5,-0.241436471,2.066102341,-3.140701866,3.140634528,1.455564141,34.05362663,-313.4211355,313.7156598,84.45096929,50.38871714,1.345659903,339.8730502,0.073394495,0.365227273
post_w1,EPM_trial_2,137,6,-0.64916223,1.654075585,-3.13982016,3.141157904,-0.297945537,11.05346337,-313.335548,312.8630005,101.58069,109.8409888,0.816178874,684.8692317,0.064220183,1.040779221
post_w1,EPM_trial_2,137,7,-0.356246126,1.612215355,-3.137395874,3.133687195,-0.100542544,20.37404281,-311.4941508,310.1900107,94.70427648,63.31219976,2.604076614,415.1662786,0.065054212,0.239487179
post_w1,EPM_trial_2,137,8,-1.05225309,1.685233586,-3.139166047,3.137134774,-0.675389088,15.71928755,-313.9145357,5.498563003,206.4062338,165.0165478,0.415727725,745.5544589,0.037531276,0.704
post_w1,EPM_trial_2,137,9,-0.19923617,1.768518924,-3.13366584,2.86123001,-1.260896099,58.60671501,-312.7952085,307.1516052,139.9145306,99.9017745,7.466771988,411.5776137,0.041701418,0.0412
post_w1,EPM_trial_2,137,10,-0.166644527,1.50345278,-3.141334317,3.141288023,-0.11099805,0.839440227,-4.174536776,2.589463803,84.14403668,53.75361191,2.67615927,317.4315971,0.01501251,0.662222222
post_w1,EPM_trial_2,137,11,-0.499785225,1.751675056,-3.128752645,2.969122245,0.061953005,0.764206092,-3.372024325,2.689326238,132.810989,106.6629859,0.119371384,542.3636735,0.026688907,0.485
post_w1,EPM_trial_2,137,12,0.233975609,1.475319941,-3.038508222,3.125716291,0.173907398,0.474570115,-3.795503772,2.535812334,85.01827637,57.76380537,0.924867735,354.3912349,0.026688907,0.75
post_w1,EPM_trial_2,137,13,-0.736281026,1.814007496,-3.085539752,3.125231143,-1.506182119,42.62810761,-289.5860832,287.2538644,119.1618671,55.29326657,17.11605399,290.2205673,0.028356964,0.082352941
post_w1,EPM_trial_2,137,14,-0.012004648,1.787419452,-2.613308296,3.086461327,-1.784850839,2.322912363,-10.07013514,3.928896243,100.8722108,81.84419853,0.486433558,564.8643358,0.023352794,0.250714286
post_w1,EPM_trial_2,137,15,1.00170316,1.738428384,-3.101991969,3.099671922,-0.737757796,30.39519158,-312.0006032,8.594490389,116.4950669,94.86845939,3.454316599,495.5875628,0.010842369,0.327692308
post_w1,EPM_trial_2,137,16,-0.973845887,2.038142038,-3.114026045,3.115431564,0.753592236,59.14970598,-312.3495828,308.3382611,123.4374229,75.34730309,3.48760964,385.4511663,0.020016681,0.134166667
post_w1,EPM_trial_2,137,17,0.380535254,1.796997275,-2.799369856,1.837569184,3.189615366,12.2916279,-26.08681838,25.69237058,134.3217438,112.3966108,10.216882,383.917225,0.006672227,0.0475
post_w1,EPM_trial_3,141,0,-1.738212184,1.383334955,-3.139259481,3.14008247,-0.043347803,6.831305257,-314.0193778,313.8420733,37.00670961,21.09835626,0.527502658,225.8933443,0.130434783,0.782592593
post_w1,EPM_trial_3,141,1,-1.364083877,1.53221198,-3.138326473,3.13951216,0.111404821,4.634092626,-2.279065401,313.5990488,50.42629774,44.60493462,0.366376415,692.1164715,0.112721417,0.658428571
post_w1,EPM_trial_3,141,2,-0.890774731,1.673041472,-3.138959668,3.140864454,0.226459371,15.59516634,-313.6074535,313.1513198,71.9299155,51.37391958,1.937464204,520.0833162,0.101449275,0.380952381
post_w1,EPM_trial_3,141,3,-0.896198003,1.822268642,-3.140412593,3.131822452,0.105627467,17.37436223,-312.6363941,308.8414815,57.89639457,39.82779649,0,351.4177086,0.122383253,0.205
post_w1,EPM_trial_3,141,4,-0.880763125,1.558320068,-3.119812292,3.136106049,-0.240394908,7.524600352,-2.249450264,313.3577696,64.60732363,42.88325731,1.278971489,269.8825415,0.048309179,0.582
post_w1,EPM_trial_3,141,5,-0.562375548,2.034535661,-3.140375269,3.141022675,1.708911602,33.01922522,-313.2991399,313.3035848,112.7106137,83.09506611,0.835615745,625.7083479,0.052334944,0.359692308
post_w1,EPM_trial_3,141,6,-1.531053736,1.479850845,-3.140444015,3.138474474,-0.102973688,9.35546438,-312.5809625,313.0209364,96.58213302,103.6073071,0.705285777,812.1196795,0.06763285,0.798809524
post_w1,EPM_trial_3,141,7,-0.075143185,1.750061962,-3.136339308,3.136188834,0.413685108,20.36303805,-312.6626285,313.1830629,94.21496084,58.47781876,2.895796996,417.2207475,0.058776167,0.195342466
post_w1,EPM_trial_3,141,8,-1.115203848,1.615688968,-3.085876992,2.924693701,0.023615088,0.827209924,-2.631583286,3.103657223,308.0522824,259.2449097,5.797518271,1046.194516,0.028985507,0.506666667
post_w1,EPM_trial_3,141,9,-0.611286097,1.64545533,-3.075602895,3.120723139,-0.890333099,49.45416478,-301.4346898,278.1268754,135.7258748,78.40019489,16.60846205,409.3044815,0.05394525,0.048955224
post_w1,EPM_trial_3,141,10,-1.089729223,1.539612251,-3.099065255,3.140081841,-0.272568429,9.020207028,-313.1210977,4.71625259,88.34120687,60.06995196,0.920226709,410.6823216,0.033011272,0.590731707
post_w1,EPM_trial_3,141,11,-1.455652657,1.532574568,-3.137324743,3.12993041,-0.778722955,15.04228371,-314.0050335,2.707167679,168.3600487,327.3115503,6.408704248,8870.542028,0.035426731,0.394090909
post_w1,EPM_trial_3,141,12,-0.967443225,1.610431663,-3.094089056,3.120916714,-0.002073094,0.486890811,-1.760211278,1.478450602,83.84704028,48.20420254,3.203701424,250.5234514,0.012882448,0.745
post_w1,EPM_trial_3,141,13,-1.016635756,1.929321363,-3.132716648,3.105375635,0.371038603,23.29414042,-71.6751046,309.4640447,140.0780937,84.23748428,9.771684854,413.556783,0.032206119,0.102
post_w1,EPM_trial_3,141,14,-0.573642242,1.810251876,-3.122922964,3.126122175,-2.842791847,15.65436788,-312.1809501,15.54800724,152.3728729,97.60697781,2.381394959,690.9768529,0.024959742,0.263870968
post_w1,EPM_trial_3,141,15,0.448819875,2.031278465,-3.139180399,3.137492524,-1.152657476,32.98222075,-312.7453531,8.565365704,118.9492029,92.3888263,6.948046194,548.7223842,0.009661836,0.303333333
post_w1,EPM_trial_3,141,16,-1.541537279,1.242436449,-3.105653078,2.079416257,-0.048709509,4.295490352,-22.79900449,26.10807912,106.7363313,63.02162006,3.635612871,345.2891585,0.023349436,0.130344828
post_w1,EPM_trial_3,141,17,-1.056668318,1.796200121,-3.004028496,2.001400916,-9.245439184,99.39759739,-295.4899088,265.3639095,158.0773134,115.7476428,21.1726344,482.364096,0.011272142,0.067142857
post_w1,EPM_trial_4,98,0,-0.762792754,2.278357917,-3.140109714,3.14138472,-0.105342333,5.907645161,-314.0896838,2.069582064,38.32587226,22.12380768,0.162670627,233.2542334,0.08815427,0.884375
post_w1,EPM_trial_4,98,1,-0.707010525,2.144704773,-3.141315616,3.141423141,-0.505132009,18.69524897,-314.1161685,314.116174,51.78822012,55.2680862,1.573529717,1026.585165,0.079889807,0.582758621
post_w1,EPM_trial_4,98,2,-0.503764378,1.955074415,-3.141141327,3.14069453,0.043785472,12.8748415,-312.4631577,7.489961831,93.14479757,71.83123622,2.826786731,669.0864325,0.070936639,0.343883495
post_w1,EPM_trial_4,98,3,-0.728560909,2.048372277,-3.141250478,3.140223455,0.243103616,17.51828939,-313.8913805,313.9257864,51.71245103,33.77127483,1.06028473,289.107573,0.19077135,0.251046931
post_w1,EPM_trial_4,98,4,-0.512279669,2.163654833,-3.140783076,3.141299574,0.813170894,22.96020595,-313.6566789,314.0170394,74.61658276,74.79697543,0,1048.631213,0.054407713,0.660253165
post_w1,EPM_trial_4,98,5,-0.437288101,2.064263171,-3.13490725,3.130530169,0.900237426,32.85291798,-313.2259481,313.7940879,132.826385,173.3681838,2.197130105,1257.777346,0.073002755,0.341132075
post_w1,EPM_trial_4,98,6,-0.246320212,1.821137313,-3.034138903,3.062326517,-0.0148596,0.656910338,-4.608455211,6.467991118,122.1711683,130.8850883,1.71098384,1051.821378,0.035812672,0.704230769
post_w1,EPM_trial_4,98,7,-0.800098182,1.955261623,-3.125816863,3.139367855,0.080273301,14.68362087,-313.9392423,308.4133016,90.93201242,58.98693303,0.990455819,380.9469312,0.05922865,0.214651163
post_w1,EPM_trial_4,98,8,-0.657985723,1.695011028,-3.139190994,3.125859303,-0.233500429,14.87827903,-313.4931748,312.3507843,274.8102209,223.3401486,1.434578113,1224.597304,0.039256198,0.620701754
post_w1,EPM_trial_4,98,9,-0.343948283,1.789018802,-3.140387249,3.141138741,-2.586305971,60.24175016,-313.4329189,311.8922095,90.94496108,61.85077987,0.962608034,385.0397585,0.073002755,0.054339623
post_w1,EPM_trial_4,98,10,-1.717694604,1.540802469,-3.071581511,3.108549809,-0.227203623,0.748926274,-2.825674711,4.618239682,111.4584825,107.4889878,1.298629644,826.1850292,0.022727273,0.54
post_w1,EPM_trial_4,98,11,-0.221018597,1.627298232,-3.128010176,3.105204111,-0.218636371,10.20858332,-312.5701582,7.535267727,233.0556237,205.4139177,1.318783877,1128.604443,0.027548209,0.4745
post_w1,EPM_trial_4,98,12,0.041021913,1.771580305,-3.112352587,3.028689254,-0.022599367,0.495798416,-2.604665935,1.967565902,118.2085925,69.44406029,6.127105609,332.1222022,0.015151515,0.835454545
post_w1,EPM_trial_4,98,13,-1.466816151,1.639021591,-3.126159379,3.117182994,3.075153901,36.39991409,-311.7582772,312.976157,90.22961945,61.08236252,2.664667162,410.9169391,0.049586777,0.088611111
post_w1,EPM_trial_4,98,14,-0.667639011,1.928484493,-3.141010985,3.118915539,-3.21546887,18.48492244,-312.8735569,9.205304769,131.101801,117.0871115,2.481240382,666.8873445,0.030991736,0.255111111
post_w1,EPM_trial_4,98,15,0.187200527,2.087525003,-3.136702611,3.125760157,-1.398253938,33.7037315,-312.8562081,9.690871699,169.9690825,184.4464272,3.662833042,916.0311077,0.013774105,0.43
post_w1,EPM_trial_4,98,16,-0.740021719,1.419291137,-2.691685663,2.436642165,-1.733400497,46.95811979,-309.7403094,310.9810845,84.74466857,50.36586664,6.52581584,246.1700254,0.012396694,0.154444444
post_w1,EPM_trial_4,98,17,-1.154940248,1.711511851,-3.118095627,1.556300445,-0.422188592,3.514212186,-14.5834069,9.585267317,91.43973885,52.5280078,9.334746812,228.7016143,0.007575758,0.070909091
post_w1,EPM_trial_5,102,0,-0.297916903,1.900661861,-3.140935025,3.140691288,-0.016383418,5.751705279,-313.9781417,312.9852892,39.7675353,27.68359774,0.2728529,812.244044,0.109237537,0.799328859
post_w1,EPM_trial_5,102,1,-0.396026337,1.809443942,-3.134461411,3.13722821,0.101498262,4.664163275,-3.873360675,312.722334,45.65568368,27.54594675,0.801549399,256.9588254,0.110703812,0.601192053
post_w1,EPM_trial_5,102,2,-0.599904261,1.554088986,-2.958936552,2.874409072,0.49282681,0.71578504,-3.207487843,6.651800119,69.62550225,47.61502434,1.7225332,350.8348503,0.08797654,0.3565
post_w1,EPM_trial_5,102,3,0.051474633,1.891249696,-3.128632614,3.140126185,0.041559054,21.61759873,-313.808905,313.033958,50.8839001,32.64054524,0,349.2771395,0.154692082,0.216113744
post_w1,EPM_trial_5,102,4,-0.618582522,1.867264478,-3.136467214,3.141130658,0.152722834,11.49151977,-2.718299505,313.8168982,62.59518345,53.86541702,0.752899842,827.1825392,0.052052786,0.629859155
post_w1,EPM_trial_5,102,5,-0.364004188,1.696613752,-3.13743569,3.137640565,-0.237476356,19.85917292,-311.4570582,312.4098334,91.91411221,58.76111642,0.934497459,343.6788197,0.056451613,0.322337662
post_w1,EPM_trial_5,102,6,-0.833892427,1.838004379,-3.138608604,3.139806473,-0.138930864,8.546833474,-313.2868434,4.640748911,81.5563054,65.64870614,0.738919305,612.333477,0.054252199,0.72972973
post_w1,EPM_trial_5,102,7,0.690763842,1.716097546,-3.134336479,3.132083448,0.9421156,22.99167472,-308.2255521,310.4903184,77.65076504,43.03437814,3.453379599,237.6939456,0.052052786,0.205915493
post_w1,EPM_trial_5,102,8,-0.567329776,1.625512477,-2.855774404,2.197892688,-0.215213803,0.938093035,-7.025223537,3.34326773,203.1595116,186.6302291,1.557540004,1015.101464,0.024926686,0.547058824
post_w1,EPM_trial_5,102,9,-0.538274396,1.878512648,-3.114402387,3.127081872,-5.613963162,62.01382821,-311.7832964,301.7266322,96.0673558,59.0549858,2.785379363,271.8937909,0.076979472,0.047238095
post_w1,EPM_trial_5,102,10,-1.52121754,1.640488178,-3.130253341,3.140506439,0.205142112,14.3309713,-313.0373363,313.5737556,73.40572532,54.88159905,2.244761995,524.7988594,0.024926686,0.845294118
post_w1,EPM_trial_5,102,11,-0.258856301,1.605885476,-2.989132753,2.507731243,0.02645407,0.703904142,-3.208900497,1.759802138,234.6825932,199.4541862,4.443876318,894.7045268,0.021260997,0.434482759
post_w1,EPM_trial_5,102,12,-0.147937464,1.534041192,-2.645016547,1.563204316,-0.002619341,0.370136894,-2.072767438,1.716804451,78.20413071,78.09059889,1.622186397,692.2289964,0.010997067,0.814666667
post_w1,EPM_trial_5,102,13,-0.630654234,1.919025997,-3.078018788,3.110640009,3.778331134,56.39092522,-303.8835741,311.4324525,98.09506956,59.05683193,3.71426879,312.6911149,0.038123167,0.073076923
post_w1,EPM_trial_5,102,14,0.500783306,1.631419419,-3.128605601,3.13695863,-1.692783822,21.45915116,-312.7500102,8.377141469,93.17437862,69.33509768,4.1059962,523.7068433,0.0271261,0.231891892
post_w1,EPM_trial_5,102,15,0.256393815,1.846092148,-3.120011117,3.138014785,-1.710165012,37.79222825,-308.872735,19.77936741,139.6825184,136.7329209,6.465215511,820.0851308,0.012463343,0.317647059
post_w1,EPM_trial_5,102,16,-0.993053092,2.091208763,-3.139856733,3.113565742,1.72375287,40.28308758,-313.221301,309.0049954,83.31636364,48.46768586,2.053003123,258.3922174,0.01686217,0.157391304
post_w1,EPM_trial_5,102,17,0.999568808,0.67330835,0.592960629,2.259117217,-2.802708103,3.851545208,-8.064657348,-0.013839026,61.96500004,26.26072377,28.22924471,94.18068816,0.001466276,0.06
post_w1,EPM_trial_6,112,0,-0.343081135,1.557226013,-2.933902617,2.865656398,0.000395864,0.218869444,-1.380472622,1.739261495,37.80506981,21.30219918,0.824873903,180.0398774,0.124573379,0.733287671
post_w1,EPM_trial_6,112,1,-0.23811747,1.613485618,-3.139484637,3.138408499,0.056971327,7.377380899,-313.812732,313.8991962,50.61139659,37.23513359,0.769047653,456.8928756,0.103242321,0.601157025
post_w1,EPM_trial_6,112,2,-0.194683773,1.591901298,-3.126142259,3.126428147,0.300044912,9.260062351,-313.7152524,5.140923662,70.58543304,49.05649536,0,366.4930578,0.100682594,0.388983051
post_w1,EPM_trial_6,112,3,0.089340845,1.341398983,-3.044723773,3.090271993,0.095939055,7.847179983,-170.1966158,311.076954,50.80850878,40.23380374,0.578610407,675.678722,0.139931741,0.285487805
post_w1,EPM_trial_6,112,4,-0.643206132,1.673065101,-3.138976404,3.132087224,-0.115173155,9.454090435,-6.794397346,313.9058338,64.82587714,46.12674059,0.681295636,677.1205344,0.068259386,0.55075
post_w1,EPM_trial_6,112,5,-0.058019739,1.4208566,-3.139986561,3.135847338,-0.239771386,24.14732235,-312.31798,312.7805994,89.63765445,60.2158266,1.400903255,459.086369,0.046075085,0.312222222
post_w1,EPM_trial_6,112,6,-0.377197456,1.714698385,-3.110918378,3.130960075,-0.068016041,5.425332099,-313.4079181,4.106022805,89.90753681,83.91815348,2.202731316,568.7725314,0.052047782,1.103934426
post_w1,EPM_trial_6,112,7,0.339379188,1.361182447,-2.819364587,3.053711909,0.400070442,11.2581324,-21.15425609,307.2271849,87.96265364,66.74690723,1.433324892,692.1491817,0.060580205,0.224788732
post_w1,EPM_trial_6,112,8,-0.048933114,1.764498228,-3.122843351,3.135713897,0.121360303,16.22422122,-311.3620102,313.6046886,219.3769082,150.0303072,1.590264512,648.628678,0.0221843,0.573846154
post_w1,EPM_trial_6,112,9,-0.066165844,1.531752266,-2.997085481,2.867926446,-1.676350721,42.09873562,-306.7550705,268.409138,90.05162387,49.85017238,10.17460886,220.6273173,0.053754266,0.047936508
post_w1,EPM_trial_6,112,10,-0.664498999,1.794478928,-3.128871164,3.132528267,-0.093746744,13.00972477,-311.3047282,310.5545101,87.99912037,74.80409739,0.632647979,603.6400632,0.0221843,0.884615385
post_w1,EPM_trial_6,112,11,-1.223021048,1.516110681,-2.826853614,2.84039317,0.203829765,1.03262747,-2.245515201,3.564942734,206.8066931,160.3629451,4.5127721,770.6411745,0.0221843,0.333846154
post_w1,EPM_trial_6,112,12,0.327783372,1.704246128,-3.139552571,3.133860757,-0.004752274,12.64660212,-313.4171764,313.2401809,89.94814101,59.83252514,2.117225642,335.2044605,0.020477816,1.025833333
post_w1,EPM_trial_6,112,13,-0.125297136,1.788306443,-3.068362643,3.055897951,-3.411080332,44.60164402,-309.8578476,292.7207099,113.9476751,64.49046838,2.866077145,262.4318944,0.040955631,0.070833333
post_w1,EPM_trial_6,112,14,-0.485459277,1.176766252,-2.545876021,2.362820318,-0.543458208,3.130681589,-8.202557467,9.005451717,90.83748675,65.22118947,4.472315739,526.4204877,0.024744027,0.224827586
post_w1,EPM_trial_6,112,15,-0.261025454,1.405057831,-3.096010546,3.070278777,1.148636525,21.93482887,-309.2242548,9.786023895,100.7710939,53.0227693,6.378942122,260.1453019,0.013651877,0.2575
post_w1,EPM_trial_6,112,16,-0.255675659,1.282384616,-2.852162238,2.020488583,0.623880285,5.007800166,-20.24051696,25.66147772,77.87056157,70.53079094,4.483404948,513.5343513,0.021331058,0.1592
post_w1,EPM_trial_6,112,17,1.36207804,0.834279171,0.699004726,2.940779049,-6.998335655,9.466508196,-24.86020069,2.131542659,90.59172917,83.13448047,18.52113637,254.0668259,0.004266212,0.028
post_w1,EPM_trial_7,120,0,-0.198771404,1.490855485,-3.063790659,3.101054147,0.001255008,0.160848104,-1.270235206,1.354223496,38.30136109,24.64165038,0.107711157,435.5919548,0.124166667,0.81033557
post_w1,EPM_trial_7,120,1,-0.301858854,1.626792637,-3.138731618,3.140982507,0.038207594,7.050678043,-313.8013096,313.7696645,50.29540637,42.38194728,1.501161942,537.8208886,0.110833333,0.597142857
post_w1,EPM_trial_7,120,2,-0.237405078,1.599791261,-3.090842556,3.088933996,0.216759237,9.600568971,-311.5378974,4.150290304,71.33010696,49.20750294,1.247878449,386.1048874,0.0975,0.361196581
post_w1,EPM_trial_7,120,3,0.21332121,1.240888287,-3.138828003,3.13726265,0.246711677,11.5355026,-312.7752286,313.0964301,51.73006032,38.52723048,0,491.731414,0.134166667,0.279130435
post_w1,EPM_trial_7,120,4,-0.571970372,1.665398697,-3.13876623,3.126697237,-0.318108655,8.895508481,-314.0047673,313.6355016,69.74178575,60.91891661,0.41191543,582.1089024,0.07,0.595238095
post_w1,EPM_trial_7,120,5,-0.157734564,1.740178822,-3.141062364,3.137982014,-0.073605615,17.19036533,-9.618995139,312.0703248,103.492908,97.66529694,2.914373201,670.998521,0.050833333,0.326557377
post_w1,EPM_trial_7,120,6,-0.192009865,1.615066561,-3.136414836,3.137981611,0.038434065,5.18497328,-4.251471113,312.7742074,93.07706381,93.05952637,0.621516765,915.2277601,0.071666667,0.855581395
post_w1,EPM_trial_7,120,7,0.115652634,1.768442595,-3.115985682,3.09333433,-0.0864756,10.86114179,-309.7618679,6.728113893,85.16132011,51.5068028,1.495064657,339.2174881,0.058333333,0.239142857
post_w1,EPM_trial_7,120,8,-0.177990382,1.699234174,-3.129540764,3.137981611,-0.3294018,20.31008071,-311.7666267,314.0229702,247.889173,201.9875341,2.604020806,867.0769163,0.030833333,0.638918919
post_w1,EPM_trial_7,120,9,0.044773917,1.76269228,-3.059008133,3.138793377,-5.610244088,44.75794968,-305.6196466,134.4956037,108.5991277,82.54505338,6.789057429,518.2929009,0.043333333,0.043076923
post_w1,EPM_trial_7,120,10,-1.096483991,1.524326137,-3.137483955,3.141213272,-0.068565981,0.739400604,-5.369523738,2.784539879,79.64348919,56.63731656,1.501376458,399.2755257,0.018333333,0.655454545
post_w1,EPM_trial_7,120,11,-0.571833237,1.575709952,-2.92174374,2.715558581,0.077239258,0.770003091,-3.999911709,3.235190723,248.9871616,220.3560391,8.104109679,878.6729547,0.023333333,0.423571429
post_w1,EPM_trial_7,120,12,-0.442066517,1.523442335,-2.910493793,2.611801064,-0.026000001,0.375315009,-1.339395497,1.399574066,100.4483194,72.61628734,2.653114711,593.7870903,0.019166667,0.850434783
post_w1,EPM_trial_7,120,13,0.134599785,1.787149307,-2.948082784,3.09576315,5.783971276,52.30848923,-104.9628104,307.9610713,103.3119896,59.20619119,8.519795292,267.668373,0.020833333,0.0864
post_w1,EPM_trial_7,120,14,0.324519084,1.521313244,-3.101142923,3.109801914,-0.598652074,20.9483913,-311.4550982,312.3731416,123.1971413,121.6115319,6.129635488,708.9850324,0.025,0.3
post_w1,EPM_trial_7,120,15,-0.576800228,1.961255039,-3.126732445,3.11328762,-1.921187429,40.39495995,-309.9517741,7.891993675,116.6468726,89.17724498,3.772870397,444.364624,0.010833333,0.273846154
post_w1,EPM_trial_7,120,16,0.054530525,1.621455894,-2.978748538,3.006169393,-0.936140788,2.764182923,-14.12175242,5.050710199,105.5361693,119.267502,4.684103235,586.7314423,0.016666667,0.174
post_w1,EPM_trial_7,120,17,-0.017815629,1.15853291,-2.929143874,0.980203458,-0.245775174,13.8326435,-56.87707082,43.18853165,105.011584,112.6497998,16.17707906,614.4604808,0.011666667,0.061428571
post_w1,EPM_trial_8,124,0,-0.936884089,1.722983817,-3.14099093,3.138791497,-0.033904223,3.21205592,-314.031298,2.13266088,37.84513963,22.26481868,0.411850151,377.173628,0.16536965,1.128705882
post_w1,EPM_trial_8,124,1,-1.013053074,1.57486858,-3.136364768,3.115786987,0.104221806,5.304036805,-5.748037718,312.5699,50.43390762,48.75587874,1.238608579,686.6420281,0.125486381,0.542945736
post_w1,EPM_trial_8,124,2,-0.52621792,1.639570183,-3.120477778,3.114096652,0.662233039,0.868980343,-2.05346879,6.700676599,74.85873159,57.84421569,0.960133579,679.7637183,0.115758755,0.323697479
post_w1,EPM_trial_8,124,3,-0.254203688,1.90470517,-3.141202238,3.138392899,0.080588508,14.69172535,-314.0169067,313.7623244,51.76824066,35.56173863,0,601.6345078,0.118677043,0.302786885
post_w1,EPM_trial_8,124,4,-0.955069894,1.650844456,-3.140996377,3.136416222,-0.110638034,8.058779918,-2.722126566,313.8293889,59.59206179,40.74895043,0.252054485,267.1723238,0.054474708,0.544642857
post_w1,EPM_trial_8,124,5,-0.513715143,1.627964246,-3.114999424,3.141414562,-0.001854543,24.76293768,-304.925779,311.8008156,129.3006856,146.6111269,2.311596268,1020.839251,0.037937743,0.323076923
post_w1,EPM_trial_8,124,6,-0.575090241,1.610777905,-2.837156306,3.020317135,0.002323458,0.550662163,-3.936004061,6.063491143,81.49877611,84.06209804,2.14953818,948.2232641,0.065175097,0.728358209
post_w1,EPM_trial_8,124,7,0.013856838,1.643142076,-3.00680833,3.095863514,0.263601367,11.69701629,-76.9502412,256.5511081,88.96648308,52.0526538,1.480447197,356.6221013,0.053501946,0.211636364
post_w1,EPM_trial_8,124,8,-0.080617241,1.811617703,-3.138671684,3.140757959,-0.648974024,20.35499005,-312.0522072,311.3246725,221.0013172,206.4229542,5.979507066,890.0597953,0.027237354,0.504285714
post_w1,EPM_trial_8,124,9,-0.43851722,1.954671383,-3.098741655,3.043453482,-7.258960026,50.81232128,-291.3936557,120.2963556,94.34560524,54.9871952,8.613149641,265.2153691,0.035019455,0.06
post_w1,EPM_trial_8,124,10,-0.844617394,1.630631406,-3.030036439,2.675083667,-0.113233767,0.785651128,-2.381965805,3.493466263,73.63081094,83.73642862,1.81182429,611.014506,0.021400778,0.451818182
post_w1,EPM_trial_8,124,11,-0.407331576,1.489676669,-2.953462638,1.397910656,0.233958356,0.974337912,-6.049056821,5.164587112,171.4685428,141.4582843,1.675091029,784.095175,0.030155642,0.412258065
post_w1,EPM_trial_8,124,12,-0.871289501,1.019693166,-2.670799424,1.757435423,0.042123225,0.558630889,-1.632446656,7.31585045,91.04411467,65.31634163,1.674498353,444.1252531,0.01848249,1.067368421
post_w1,EPM_trial_8,124,13,-0.52719007,1.968782519,-3.123113031,3.05199555,4.705698397,40.07636142,-58.61140601,308.3740096,102.0723076,65.05164411,12.03228941,353.5318137,0.028210117,0.084827586
post_w1,EPM_trial_8,124,14,0.469220261,2.222870575,-3.140006474,3.1028592,-2.480641024,25.15162242,-313.3484737,8.14605659,103.6304352,68.72206157,12.86079423,423.8125459,0.012645914,0.243076923
post_w1,EPM_trial_8,124,15,-0.453197002,1.933348307,-3.13054704,3.123039234,-2.303089148,40.27020425,-311.8410042,9.163250844,138.427309,125.0506156,12.6792054,567.0000467,0.01459144,0.477333333
post_w1,EPM_trial_8,124,16,0.241646062,2.248377371,-3.141197676,3.080262807,-0.628656432,2.183801473,-6.924218776,1.013822295,80.30113563,39.99461623,10.67838676,158.089086,0.004863813,0.144
post_w1,EPM_trial_8,124,17,0.163371969,1.711765682,-2.93641277,2.406459081,1.190481729,80.93525658,-66.3173101,296.1371353,86.32013464,48.23940329,31.04464568,208.6660501,0.004863813,0.064
post_w1,EPM_trial_9,128,0,-0.656673634,1.779848807,-3.09300446,2.956425499,0.011302081,0.197073034,-1.627315855,1.606701862,39.79404899,27.69662452,0.97967889,793.4590119,0.114963504,0.591269841
post_w1,EPM_trial_9,128,1,0.155223136,1.62539138,-3.127699829,3.095383247,-0.072802998,5.160902024,-312.7883846,2.027928636,50.63491303,39.59248308,0.814672571,421.9822289,0.123175182,0.546666667
post_w1,EPM_trial_9,128,2,-0.34044716,1.646563921,-3.133478085,3.113984055,0.303291348,7.572366957,-312.2647251,5.216667619,88.78971373,83.06586796,1.286463622,768.3004226,0.137773723,0.456688742
post_w1,EPM_trial_9,128,3,-0.048618766,1.621224981,-3.084337156,3.106746912,0.26673243,8.758856246,-41.08648257,262.8774927,50.04889065,33.57016992,0,265.8011527,0.072080292,0.242278481
post_w1,EPM_trial_9,128,4,-0.159515171,1.693622575,-3.137678406,3.11383697,-0.169302845,7.715237832,-2.617664699,313.0946444,70.58608691,54.75786712,2.595300978,528.1938695,0.052007299,0.582105263
post_w1,EPM_trial_9,128,5,-0.053933304,1.789803975,-3.141432832,3.139150259,1.218276312,30.42757534,-313.5068268,313.7592468,108.0040611,78.46814166,2.756146108,689.9475062,0.052007299,0.370877193
post_w1,EPM_trial_9,128,6,-0.556966352,1.863722903,-3.140359254,3.135473122,-0.086565549,5.772649871,-313.8205898,1.658321295,84.47002463,87.93014364,0.794339736,767.6935421,0.071167883,0.763076923
post_w1,EPM_trial_9,128,7,-0.084169763,1.654076245,-3.133822035,3.135003445,0.661365888,10.89344518,-11.39536629,311.6748801,101.6405183,56.36402366,5.493457261,333.1766531,0.050182482,0.310909091
post_w1,EPM_trial_9,128,8,-0.30627092,1.740628006,-3.135363769,3.134898286,-0.466538774,10.89145397,-312.2214855,5.580827106,225.5041051,191.7286572,3.278441044,902.1096344,0.051094891,0.586785714
post_w1,EPM_trial_9,128,9,-1.067139958,1.428127792,-2.984659542,3.014977859,-3.876891308,44.78170698,-280.663643,116.282445,118.6506053,63.38494033,8.565018157,292.1205548,0.018248175,0.054
post_w1,EPM_trial_9,128,10,-0.728291565,1.70872825,-3.112711193,2.998069172,-0.137732519,0.696156107,-3.339118607,1.848257034,136.0462211,123.3445426,1.567259304,759.8610096,0.039233577,0.876744186
post_w1,EPM_trial_9,128,11,-0.584244052,1.715576682,-3.138296707,3.106095476,-0.217318785,11.36646455,-313.3008879,7.862443996,233.152702,193.5905188,3.450898005,914.1652163,0.070255474,0.591688312
post_w1,EPM_trial_9,128,12,-0.410904199,1.635104407,-2.812546823,3.051097709,0.149860384,0.465896534,-2.084034916,1.498500294,105.2203737,75.71724539,3.843721869,415.7259502,0.026459854,0.614482759
post_w1,EPM_trial_9,128,13,-1.138629487,1.486025845,-2.977358152,2.458217995,-2.024323589,6.288476322,-22.68081255,11.18477027,107.428985,69.83579518,12.81525863,258.6790872,0.013686131,0.061333333
post_w1,EPM_trial_9,128,14,0.019371688,1.613404631,-2.384525749,2.99094023,-2.110417887,2.770680183,-9.754006522,8.656031194,194.7887254,124.2959545,10.91849478,649.9199172,0.015510949,0.344705882
post_w1,EPM_trial_9,128,15,0.336181912,1.927182707,-3.121293847,3.119523253,-0.891009248,36.61055934,-311.4854405,10.48008039,200.0191313,163.9616066,3.57870663,755.5699302,0.02189781,0.3025
post_w1,EPM_trial_9,128,16,-1.208580526,1.650196504,-3.130902295,3.136576137,0.18231216,10.35677687,-18.30629585,69.94908871,134.9948182,72.05735179,11.45792837,316.0397445,0.008211679,0.12
post_w1,EPM_trial_9,128,17,-0.679373536,1.764668208,-2.804585192,1.743546709,-0.805170339,105.9913775,-298.9186331,246.3280536,132.9087587,98.70261904,2.791012239,310.0724064,0.010948905,0.048333333
post_w2,EPM_trial_1,129,0,0.172853393,1.361906844,-3.141379304,3.141123052,-0.001815979,5.070126972,-314.1052515,314.0912927,40.35783165,26.85842424,0.76561926,327.0895098,0.188434696,0.813862434
post_w2,EPM_trial_1,129,1,0.116309948,1.513016141,-3.112335403,2.86170368,0.038469553,0.379442113,-2.465112777,1.608367357,61.58434248,61.14341642,0.923616787,582.9501758,0.153539382,0.509350649
post_w2,EPM_trial_1,129,2,-0.22557644,1.655894152,-3.106578613,3.132244209,0.5167422,6.07116994,-312.0342498,6.387852108,86.77160937,57.02014762,1.009293031,382.287807,0.153539382,0.351428571
post_w2,EPM_trial_1,129,3,-0.252213951,1.665334288,-3.119706112,2.23693765,-0.086536582,0.918116074,-7.036941613,6.11003868,51.04912523,31.82393285,0,317.7708117,0.04885344,0.391020408
post_w2,EPM_trial_1,129,4,0.221262747,1.309796315,-3.116145778,3.130321309,-0.357663434,6.653375295,-2.791691206,313.6956244,82.4328761,65.22187825,1.667437982,392.8259018,0.090727817,0.493406593
post_w2,EPM_trial_1,129,5,-0.340265602,1.912338397,-3.141582881,3.138363837,0.756051469,25.67050625,-7.261481108,312.8617392,95.26531504,61.04508219,1.078837253,377.8755382,0.059820538,0.248
post_w2,EPM_trial_1,129,6,-0.888031138,1.650522318,-3.046635236,2.349882106,-0.057933995,0.472826788,-1.755265646,2.774504033,94.6451827,90.92872626,0.713733341,531.1780771,0.069790628,0.85
post_w2,EPM_trial_1,129,7,-0.855090764,1.895417252,-3.073377261,3.022510427,2.442060906,28.91149271,-4.766629335,310.9112276,105.518446,66.36759123,3.046294844,343.5037976,0.016949153,0.136470588
post_w2,EPM_trial_1,129,8,-0.659636427,1.64225354,-3.12522238,3.137228968,-0.398265553,11.35486011,-310.9268963,6.294664934,204.7837818,110.1177991,1.92194019,595.4200602,0.055832502,0.808214286
post_w2,EPM_trial_1,129,9,-1.011578866,0.544116365,-1.935183923,0.875717223,-1.661924592,2.605539956,-6.531745405,6.566676689,114.528244,53.0360689,12.33508331,238.6127903,0.007976072,0.055
post_w2,EPM_trial_1,129,10,-0.436648121,1.493860441,-3.10549719,1.737377141,0.879148819,18.17639314,-3.277746655,311.6145318,66.7224081,36.4058211,4.081079912,221.4114616,0.011964108,0.491666667
post_w2,EPM_trial_1,129,11,-1.201471583,1.694245114,-3.032935183,3.13217635,-1.364700166,21.15776109,-311.6981241,6.631042175,122.9529527,87.07594031,1.934833641,399.019623,0.020937188,0.40952381
post_w2,EPM_trial_1,129,12,0.172844705,1.757986768,-3.138311344,3.138091037,0.020520477,12.76754898,-313.5509907,312.6690992,132.1527773,91.21108361,2.06268001,468.1482575,0.039880359,0.9035
post_w2,EPM_trial_1,129,13,-1.012173142,1.025940648,-2.057058335,0.793639862,-0.126748603,2.804511126,-4.323653483,6.124771945,131.5916589,89.52046924,15.74727124,333.9262127,0.005982054,0.076666667
post_w2,EPM_trial_1,129,14,-0.237955375,1.53044159,-2.282302455,2.456600985,-1.705554621,2.965513749,-8.782074412,5.398146602,117.7630541,75.7946879,7.247876955,346.9373399,0.016949153,0.236470588
post_w2,EPM_trial_1,129,15,-0.402070305,1.631801735,-3.09556705,3.138126528,0.748250552,27.43123829,-311.6143903,9.418733989,135.4163032,70.84393613,8.83247892,404.0849792,0.017946162,0.435555556
post_w2,EPM_trial_1,129,16,-1.174769783,0.668268317,-1.935183923,-0.276678213,-1.645333349,1.264895465,-3.345457195,0.665920078,99.73744578,41.77733888,14.44417762,185.335621,0.002991027,0.093333333
post_w2,EPM_trial_3,141,0,-0.744026287,1.597456098,-3.138531562,1.791716416,0.003842167,0.18923034,-1.218295889,1.633526397,41.36998477,43.45894582,0.259688812,833.610368,0.140308191,0.744393064
post_w2,EPM_trial_3,141,1,-0.440696859,1.684723794,-3.140187467,3.137538371,0.068132003,6.056499852,-313.6971305,314.0595892,56.67109645,64.2589738,0.124754337,770.373825,0.148418491,0.589398907
post_w2,EPM_trial_3,141,2,-0.248214288,1.671576879,-3.135652258,3.135960533,0.388086687,6.164359474,-313.3083038,8.022430987,82.93553726,65.69763465,1.265997435,907.7667334,0.123276561,0.345657895
post_w2,EPM_trial_3,141,3,-0.171062666,1.970705442,-3.12698377,3.132259177,0.247492126,25.76126052,-313.6626209,313.6340028,55.7954058,39.57000915,0.34463691,303.2283961,0.107866991,0.28481203
post_w2,EPM_trial_3,141,4,-1.135538018,1.541237977,-3.136334232,1.585893695,-0.397563511,0.513699945,-3.580100565,1.21100884,74.16287579,72.52852196,1.186924123,787.987139,0.075425791,0.691182796
post_w2,EPM_trial_3,141,5,-0.964511715,1.958177284,-3.136334231,3.140869217,2.197754919,30.80316284,-12.73613961,313.0363143,104.9301434,71.93516699,1.430572345,519.3410818,0.04703974,0.245517241
post_w2,EPM_trial_3,141,6,-0.460100655,1.619660836,-3.117477033,1.652341656,-0.297985409,9.520359179,-312.5671125,3.97310695,114.5089221,149.9927385,1.325720675,809.811497,0.04785077,0.731186441
post_w2,EPM_trial_3,141,7,-0.035510041,2.05819807,-3.137835658,3.141437454,0.661582065,35.05181665,-312.4694384,313.0054673,102.7919648,60.64812356,1.991854517,331.7548824,0.0486618,0.213
post_w2,EPM_trial_3,141,8,-0.819581349,1.704874722,-3.138666152,3.133727191,-0.429022808,15.54644797,-312.047308,312.5295372,233.2743814,196.5222155,4.236402526,969.1529357,0.04379562,0.598518519
post_w2,EPM_trial_3,141,9,-0.409285122,1.814199297,-3.12698377,3.130303724,2.716218665,62.39438305,-312.5986417,313.481568,121.1940228,79.87247107,10.8806347,389.2691837,0.0405515,0.0572
post_w2,EPM_trial_3,141,10,-1.064210551,1.709041873,-3.045543031,1.5948522,0.267056621,0.680377684,-1.799517114,3.71534997,81.78905953,46.65875917,8.919100889,270.285061,0.01216545,0.448
post_w2,EPM_trial_3,141,11,-0.366333521,1.906269336,-3.127463359,3.080337836,-1.073299179,19.48117198,-310.278978,4.21537372,169.3749075,174.1913755,8.467429658,734.7384961,0.01459854,0.284444444
post_w2,EPM_trial_3,141,12,-0.277475914,1.979294774,-3.1412434,3.13818435,0.137925078,11.23880581,-314.0990302,313.2091611,98.87183197,90.38414999,0.39136011,807.0728435,0.02838605,0.892571429
post_w2,EPM_trial_3,141,13,0.283069103,1.957156516,-3.058990516,3.05890394,-5.226254598,62.0142475,-313.2907945,304.1251515,99.87941201,50.71309601,11.50383426,302.9836793,0.03163017,0.072820513
post_w2,EPM_trial_3,141,14,0.715102545,1.614989654,-3.048093165,3.123191782,-1.872382294,20.15262765,-10.52874405,310.5427118,148.0236444,84.79474981,8.829974576,398.030894,0.01378751,0.290588235
post_w2,EPM_trial_3,141,15,0.603237109,1.501634818,-3.10941273,3.106785325,0.479514223,27.04668764,-309.7605373,11.70712704,132.9332456,113.3592838,0,706.2148049,0.01459854,0.295555556
post_w2,EPM_trial_3,141,16,-0.401437008,1.509630223,-3.050144156,2.589303768,0.066002133,6.004712713,-21.71811442,19.11247547,115.6720111,111.3188296,1.224933068,891.5005089,0.00973236,0.118333333
post_w2,EPM_trial_3,141,17,-0.339050716,1.814450922,-2.126958419,2.962122918,1.962797806,8.023483566,-1.434993515,20.12913412,133.2679964,41.14298903,67.88679998,200.4716255,0.00324412,0.035
post_w2,EPM_trial_4,98,0,-1.225714741,1.577087803,-3.13451605,3.131469777,0.092198068,7.77611722,-313.0798535,313.8919814,40.89194078,37.11855027,0.162326714,559.1736184,0.13304721,0.833935484
post_w2,EPM_trial_4,98,1,-0.809922694,1.673323177,-3.137230634,3.055558566,0.138543896,6.646263544,-3.802709536,313.6585175,62.91913786,63.65680276,0.456299858,621.9229246,0.111587983,0.686615385
post_w2,EPM_trial_4,98,2,-0.631977296,1.772213856,-3.137608819,3.135791352,0.07150457,14.93523783,-313.2413085,4.745493545,95.33731134,72.94350195,1.713701812,489.8968204,0.087553648,0.345294118
post_w2,EPM_trial_4,98,3,-0.987601759,1.745204142,-3.111349247,3.132740661,0.022076087,12.10531096,-312.9247854,312.0114114,59.40907757,47.91386204,0,350.8446839,0.134763948,0.294394904
post_w2,EPM_trial_4,98,4,-0.608761012,1.799839474,-3.133457693,3.133614561,-0.394229343,10.61271706,-310.8683923,313.4545927,76.20100735,59.15694743,0.685027489,396.9061531,0.084978541,0.528282828
post_w2,EPM_trial_4,98,5,-0.449319732,1.823723961,-3.136715662,3.134571251,0.54453907,24.95280383,-309.2575537,313.2057145,107.6851832,83.30935808,1.740432683,699.41455,0.061802575,0.304166667
post_w2,EPM_trial_4,98,6,-0.421115198,1.629287324,-3.133840916,3.134571461,-0.187504559,7.960981449,-313.6655739,2.004153033,106.2218107,126.9757759,2.828223518,939.2518043,0.036909871,0.724651163
post_w2,EPM_trial_4,98,7,-0.264088636,1.663020291,-3.131130273,3.096097444,-0.752597287,30.38347423,-312.9188459,313.6659456,115.3525187,73.05085631,6.177528144,413.5118386,0.051502146,0.179666667
post_w2,EPM_trial_4,98,8,-0.296194185,1.593170525,-3.132817963,3.127488365,0.228374713,7.398567602,-3.623098722,312.2656087,275.3401788,190.7820848,2.209832583,907.6855254,0.048927039,0.644912281
post_w2,EPM_trial_4,98,9,-0.400256919,1.651356181,-3.092141113,3.094303258,-6.531759317,39.17833273,-267.6878525,140.6266747,144.7409205,81.63228103,23.60625306,401.086252,0.065236052,0.041052632
post_w2,EPM_trial_4,98,10,-2.080191555,0.888214021,-2.511808459,0.893253569,-0.48458088,0.489950012,-1.353794292,0.38224315,75.10598547,48.33454231,1.629898812,239.6987493,0.005150215,0.293333333
post_w2,EPM_trial_4,98,11,-1.664912606,1.156522791,-2.41456713,0.944357199,0.161475212,0.476204156,-0.606702836,1.451226056,99.46110724,84.46466445,6.290507371,653.1011352,0.005150215,0.476666667
post_w2,EPM_trial_4,98,12,0.289582111,1.814606317,-3.138890854,3.136834667,0.180536226,9.125958842,-4.3182911,312.7553187,124.7481945,89.18641894,1.038486385,507.9357992,0.024892704,0.814482759
post_w2,EPM_trial_4,98,13,0.1939169,1.679893425,-3.001337523,3.028125351,3.971623894,31.28650346,-23.15041263,297.8757422,126.9650449,72.86580466,3.755245784,367.4581235,0.026609442,0.061935484
post_w2,EPM_trial_4,98,14,-0.575196772,1.742750889,-3.017231972,3.012221205,-2.630611497,19.76059564,-305.6463414,11.90456931,138.3311181,93.63878089,7.596152558,455.3008984,0.018025751,0.233333333
post_w2,EPM_trial_4,98,15,-0.090162912,1.453116269,-3.041426405,3.076013133,0.644918755,33.13361518,-309.8641062,8.837320516,177.6426375,92.50965988,18.87811174,424.4443452,0.010300429,0.298333333
post_w2,EPM_trial_4,98,16,-0.039432383,1.704872732,-3.118216101,3.136164906,0.553235676,12.29594899,-71.01151496,96.83530009,112.9228201,62.20402044,8.080504153,449.9762667,0.018025751,0.139047619
post_w2,EPM_trial_4,98,17,-0.07123939,1.706624311,-2.895828977,2.68305805,10.18961038,62.18610894,-54.63595163,289.3374633,188.4994367,120.7367519,27.93177,546.6825869,0.016309013,0.045263158
post_w2,EPM_trial_6,112,0,-1.002270305,1.671630786,-3.122372309,3.134519804,-0.049779572,3.894779989,-313.6248212,2.467562561,40.39228067,34.39058629,0.900630545,705.9175479,0.125321888,0.89109589
post_w2,EPM_trial_6,112,1,-0.139179471,1.692047651,-3.141451649,3.135721522,0.024727331,7.337977146,-313.7252222,313.4058872,53.2255874,37.74657296,0.577052322,387.994542,0.127896996,0.736912752
post_w2,EPM_trial_6,112,2,-0.100898356,1.673189461,-3.102019955,3.117794417,0.516306805,6.398836506,-312.3817635,6.273956617,74.80432172,54.76729053,1.639521114,598.7866173,0.105579399,0.397560976
post_w2,EPM_trial_6,112,3,-0.047948702,1.858483623,-3.128044088,3.133143449,-0.229984006,21.13713563,-313.1671534,313.333391,53.59915471,36.72101463,0.94002424,497.953668,0.133905579,0.300769231
post_w2,EPM_trial_6,112,4,-0.616246122,1.726532138,-3.138118474,3.137065903,-0.059922929,12.02368969,-312.8744341,313.4092969,78.94008896,62.12560528,1.352128373,667.8478357,0.081545064,0.715368421
post_w2,EPM_trial_6,112,5,-0.532359124,1.790457298,-3.137122032,3.140197772,1.495753483,30.84171863,-313.7074341,313.304385,93.53760451,73.17720095,0.93126245,608.7280492,0.058369099,0.302058824
post_w2,EPM_trial_6,112,6,-0.628223796,1.630963567,-3.124343241,3.101355987,-0.083544696,6.635390465,-313.2138743,4.706278553,86.21822599,83.78438296,2.121498406,658.2366968,0.04806867,0.801785714
post_w2,EPM_trial_6,112,7,-0.660995124,1.994825395,-3.137069943,3.115529846,0.376557029,34.02725502,-312.3305098,312.3581223,95.54896845,53.83612514,3.202532627,277.9158776,0.033476395,0.172820513
post_w2,EPM_trial_6,112,8,-0.488275139,1.675086476,-3.109096562,3.131225923,-0.229205858,11.55744105,-312.3876939,7.672059033,241.8225323,179.4900342,5.344877235,839.5516065,0.044635193,0.561538462
post_w2,EPM_trial_6,112,9,0.00769633,1.967501078,-3.06928821,3.113843036,-3.8595737,55.06354878,-288.3886388,310.4239663,104.9261452,69.6632909,9.809313592,348.2412307,0.066094421,0.042337662
post_w2,EPM_trial_6,112,10,-0.058530548,1.600517162,-2.809292148,1.768953619,-0.19912277,1.590646814,-5.553806719,3.953913233,70.8619733,41.23424706,4.173196227,223.9742141,0.00944206,0.329090909
post_w2,EPM_trial_6,112,11,-0.76755105,1.819925601,-3.033807955,3.128754001,-1.522441279,24.66168861,-311.2995253,5.34525298,233.0606436,187.9804688,17.66189917,790.8887683,0.017167382,0.319
post_w2,EPM_trial_6,112,12,1.125310448,1.351136489,-2.438044623,2.670195486,0.08642072,0.55703534,-1.729405565,1.449509738,113.4265269,69.89849729,5.387631919,384.9712952,0.016309013,0.847368421
post_w2,EPM_trial_6,112,13,-0.169872424,1.938516284,-3.075620422,3.073858078,4.798321185,34.70961658,-28.02633242,311.2555816,108.0372017,59.81008447,5.259102965,310.5874129,0.022317597,0.065384615
post_w2,EPM_trial_6,112,14,0.267392374,1.435500777,-2.731542777,3.066791233,-0.741513231,3.270704743,-10.18961155,10.83615502,88.06138446,54.7374956,7.004615406,268.4505261,0.022317597,0.150769231
post_w2,EPM_trial_6,112,15,-0.214448876,1.739613409,-3.114660292,3.124001568,-1.228870948,34.92342124,-310.1446942,11.79169821,79.05240874,44.09742259,3.466950415,232.5450009,0.013733906,0.29875
post_w2,EPM_trial_6,112,16,-0.168730713,1.742284743,-2.949625188,2.978480259,0.152920216,5.726220212,-24.8307024,25.50504083,113.0198316,69.82414385,10.162275,314.6836569,0.011158798,0.123076923
post_w2,EPM_trial_6,112,17,-0.441071556,2.186970477,-2.949696518,2.64935946,33.19992358,102.1978795,-30.46324939,301.6179768,276.7653358,115.3630998,29.77150576,409.4632979,0.006008584,0.042857143
post_w2,EPM_trial_7,120,0,-1.23896832,1.787885162,-3.114560583,3.09154216,-0.005745105,0.202418481,-1.419579513,2.267020433,42.81128389,44.46690127,0,699.9574423,0.118357488,0.799727891
post_w2,EPM_trial_7,120,1,-0.46351224,1.821031866,-3.139214342,3.131579954,0.154261108,5.431055235,-3.845260251,313.6027679,71.46540013,72.18652895,0.683638402,523.0673361,0.103059581,0.525
post_w2,EPM_trial_7,120,2,-0.574604179,1.770645963,-3.140243553,3.116250984,0.500227534,7.453792924,-311.4664679,6.561151916,98.18614584,73.32199055,1.561432622,496.3602492,0.086956522,0.328333333
post_w2,EPM_trial_7,120,3,-0.387489554,2.014706116,-3.14102182,3.139056418,0.584433576,20.222952,-305.4943781,313.9548896,60.68061221,49.57061825,2.231115932,386.3116071,0.116747182,0.219448276
post_w2,EPM_trial_7,120,4,-0.542175993,1.892597943,-3.136772291,3.124415534,-0.106103804,9.810128109,-4.22810647,313.430534,101.5859836,90.04248402,1.299376921,624.854184,0.084541063,0.584190476
post_w2,EPM_trial_7,120,5,-0.515354693,1.961210271,-3.137434794,3.135705252,-0.110873941,23.16343126,-313.719798,312.9561914,113.9288485,75.10387077,1.95058625,524.6309759,0.061191626,0.29
post_w2,EPM_trial_7,120,6,-0.776047431,1.82201002,-3.094805698,2.757994182,0.005257822,0.513626489,-3.176019157,4.286659298,131.4545525,123.836268,1.363874169,667.4312916,0.05394525,0.815223881
post_w2,EPM_trial_7,120,7,-0.265547072,1.870702996,-3.125145939,3.138653131,1.151136977,23.95674022,-311.1924019,311.6968476,102.3601894,58.27497825,3.389029237,362.8566508,0.053140097,0.259090909
post_w2,EPM_trial_7,120,8,-0.868500812,1.628356514,-3.132812192,3.121727079,-0.455473001,13.10825939,-312.1919779,313.1413063,268.3476625,157.9876267,1.213691789,736.8748188,0.066827697,0.682409639
post_w2,EPM_trial_7,120,9,-0.534784561,1.697411351,-3.005750744,3.138076677,-5.23877098,55.41965269,-309.0682237,271.1676389,143.0969584,89.45280392,2.606909361,419.226138,0.057165862,0.046760563
post_w2,EPM_trial_7,120,10,-2.678623601,0.489019463,-2.962545407,1.53944382,-0.175095512,0.427685483,-1.204904251,0.900505084,72.12564144,47.72604166,2.99343778,284.9481481,0.00805153,0.35
post_w2,EPM_trial_7,120,11,-1.779469125,1.413213875,-2.887742507,1.708452306,0.064898535,0.742487491,-2.633494188,2.066780816,152.0751197,110.2325631,13.28218573,493.2024654,0.011272142,0.425714286
post_w2,EPM_trial_7,120,12,0.043459417,1.781991118,-3.120401001,3.135921522,0.529708943,11.61939513,-3.272129159,313.2336639,107.1195652,77.31215147,3.70873746,468.059488,0.017713366,0.661818182
post_w2,EPM_trial_7,120,13,0.835270261,1.899480763,-3.140721298,3.128438547,2.518057207,55.6474046,-310.2380527,308.5439504,108.1554742,58.50917677,6.55752356,259.034794,0.020128824,0.0752
post_w2,EPM_trial_7,120,14,0.713187842,1.478142058,-3.013173833,3.115424608,-2.757688579,17.55992942,-310.554228,10.15344298,186.6294074,112.985892,8.270139972,574.3236688,0.020128824,0.2544
post_w2,EPM_trial_7,120,15,-0.36557949,1.718391461,-3.103115533,3.094541293,-0.306339678,33.19693146,-311.6942216,8.119660427,171.832412,105.6855681,5.980186114,509.2949042,0.013687601,0.417647059
post_w2,EPM_trial_7,120,16,-1.522989483,1.555233805,-3.072903875,3.056693271,2.191880775,25.63453254,-22.95529069,308.7241207,138.5652792,78.06370355,8.154533663,327.3188303,0.013687601,0.176470588
post_w2,EPM_trial_7,120,17,-1.046755744,1.725103343,-3.098777866,2.903649755,8.44720974,90.6770501,-240.6585811,308.7901701,169.4624483,132.5000027,11.14957788,490.5690555,0.016908213,0.060952381
post_w2,EPM_trial_8,124,0,-0.210003901,2.02809097,-3.13968199,3.140874426,0.002748855,7.11600751,-313.9427222,313.9975269,39.07368062,26.18840956,1.129166043,406.7368834,0.104339797,0.690265487
post_w2,EPM_trial_8,124,1,-0.402110646,1.838442475,-3.118149667,3.123402811,0.125932299,5.273256259,-4.226627393,313.2041898,60.19870538,54.20800748,1.091910228,610.1928213,0.154201293,0.42742515
post_w2,EPM_trial_8,124,2,-0.200106597,2.137336622,-3.140476356,3.14086448,-0.967854114,23.53829483,-313.6461543,6.103039506,111.7790827,84.2204725,0.493254156,769.6589677,0.148661127,0.439130435
post_w2,EPM_trial_8,124,3,-0.239485812,1.874197139,-3.119199385,3.121442467,-0.456885069,11.05562074,-302.5371194,24.32809659,57.55788773,47.9050432,0,335.9712496,0.068328717,0.212432432
post_w2,EPM_trial_8,124,4,-0.285787465,2.031342594,-3.141400274,3.141138191,-0.075838801,15.91949875,-313.1382872,313.5837953,77.3345382,59.3009386,0.922858444,652.7629934,0.085872576,0.583655914
post_w2,EPM_trial_8,124,5,-0.562277417,2.056552895,-3.138791054,3.139547749,3.391288953,42.23583451,-312.4359051,313.6694651,117.4224298,88.32247251,2.710044164,599.1098554,0.065558633,0.334929577
post_w2,EPM_trial_8,124,6,-0.856960859,2.031675242,-3.13555132,3.140130363,-0.10806842,12.66229895,-313.9749961,313.9477459,120.9846888,136.0389664,2.270715877,761.7295904,0.036934441,0.6165
post_w2,EPM_trial_8,124,7,-0.523673201,1.907818577,-3.129950274,3.135764904,2.896176488,28.1339177,-12.58770521,312.3723061,112.4160856,71.61138608,5.136479626,490.5462354,0.034164358,0.191891892
post_w2,EPM_trial_8,124,8,-0.459791944,1.825500954,-3.13455566,3.141375307,0.273613285,18.2798575,-313.5763677,313.5831121,264.3016943,184.4753918,3.250410498,919.930755,0.113573407,0.904552846
post_w2,EPM_trial_8,124,9,-0.174546931,2.066060063,-3.138302118,3.123750657,6.378710581,52.31449935,-65.22919205,309.2911633,95.65886574,65.07515981,7.786991986,296.2066059,0.031394275,0.041176471
post_w2,EPM_trial_8,124,10,0.776511089,1.241680142,-2.396388445,1.966297491,0.233943861,1.075100954,-1.123859208,2.9797575,109.1077215,67.20252264,4.144133304,316.8145523,0.006463527,0.237142857
post_w2,EPM_trial_8,124,11,-1.312063901,1.427532484,-2.756185515,1.646486763,0.202020433,0.913086794,-3.919209333,2.690185518,191.6309653,174.2041897,8.472745561,714.2306987,0.016620499,0.514444444
post_w2,EPM_trial_8,124,12,0.758790418,2.038135012,-3.140979797,3.114243666,0.355082054,9.53431289,-2.124208788,312.0284897,154.0638903,90.78813963,1.947779179,475.3838861,0.025854109,0.768571429
post_w2,EPM_trial_8,124,13,0.878366218,1.98371601,-2.404592365,2.98499135,-6.294917136,5.781916901,-17.36744841,0.866371518,146.8141033,89.65600549,17.61179656,309.1149719,0.006463527,0.062857143
post_w2,EPM_trial_8,124,14,0.629650543,1.516845247,-2.283421923,2.892461743,-3.329707701,3.115273262,-12.26286568,2.965258334,219.807193,154.4920518,5.858337481,673.1729311,0.024007387,0.238461538
post_w2,EPM_trial_8,124,15,-0.064797527,2.009019572,-3.130723146,3.138491115,-4.136069996,49.26512593,-311.2294475,13.67194201,233.709027,181.0086364,7.683087472,982.9331444,0.027700831,0.418666667
post_w2,EPM_trial_8,124,16,0.633240621,1.021246505,-2.161864589,2.061111183,-0.627311395,4.306979107,-23.74357273,13.28938709,96.17134859,47.47812719,9.522563335,223.6524611,0.007386888,0.2125
post_w2,EPM_trial_8,124,17,1.24193243,0.795844188,-1.491189069,2.867211976,-4.022775434,17.67056298,-46.41916986,36.4987123,102.6098727,45.31516805,28.47271267,205.4798791,0.005540166,0.063333333
